-- MySQL dump 10.13  Distrib 5.7.24, for Linux (x86_64)
--
-- Host: localhost    Database: ventasCatalogo
-- ------------------------------------------------------
-- Server version	5.7.24-0ubuntu0.18.04.1

/*!40101 SET @OLD_CHARACTER_SET_CLIENT=@@CHARACTER_SET_CLIENT */;
/*!40101 SET @OLD_CHARACTER_SET_RESULTS=@@CHARACTER_SET_RESULTS */;
/*!40101 SET @OLD_COLLATION_CONNECTION=@@COLLATION_CONNECTION */;
/*!40101 SET NAMES utf8 */;
/*!40103 SET @OLD_TIME_ZONE=@@TIME_ZONE */;
/*!40103 SET TIME_ZONE='+00:00' */;
/*!40014 SET @OLD_UNIQUE_CHECKS=@@UNIQUE_CHECKS, UNIQUE_CHECKS=0 */;
/*!40014 SET @OLD_FOREIGN_KEY_CHECKS=@@FOREIGN_KEY_CHECKS, FOREIGN_KEY_CHECKS=0 */;
/*!40101 SET @OLD_SQL_MODE=@@SQL_MODE, SQL_MODE='NO_AUTO_VALUE_ON_ZERO' */;
/*!40111 SET @OLD_SQL_NOTES=@@SQL_NOTES, SQL_NOTES=0 */;

--
-- Table structure for table `bitacora`
--

DROP TABLE IF EXISTS `bitacora`;
/*!40101 SET @saved_cs_client     = @@character_set_client */;
/*!40101 SET character_set_client = utf8 */;
CREATE TABLE `bitacora` (
  `id` int(11) NOT NULL AUTO_INCREMENT,
  `idSesion` int(11) NOT NULL,
  `metodo` varchar(10) NOT NULL,
  `ruta` varchar(255) NOT NULL,
  `ip` varchar(45) DEFAULT NULL,
  `userAgent` varchar(255) DEFAULT NULL,
  `fecha` datetime NOT NULL DEFAULT CURRENT_TIMESTAMP,
  PRIMARY KEY (`id`)
) ENGINE=InnoDB AUTO_INCREMENT=562 DEFAULT CHARSET=latin1;
/*!40101 SET character_set_client = @saved_cs_client */;

--
-- Dumping data for table `bitacora`
--

LOCK TABLES `bitacora` WRITE;
/*!40000 ALTER TABLE `bitacora` DISABLE KEYS */;
INSERT INTO `bitacora` VALUES (159,0,'POST','/usuarios','::1','PostmanRuntime/7.3.0','2018-10-25 09:16:38'),(160,0,'POST','/usuarios','::1','PostmanRuntime/7.3.0','2018-10-25 09:16:38'),(161,0,'POST','/usuarios','::1','PostmanRuntime/7.3.0','2018-10-25 09:16:38'),(162,0,'POST','/sesion','::1','PostmanRuntime/7.3.0','2018-10-25 09:16:38'),(163,0,'DELETE','/sesion','::1','PostmanRuntime/7.3.0','2018-10-25 09:16:38'),(164,0,'POST','/usuarios','::1','PostmanRuntime/7.3.0','2018-10-25 09:17:39'),(165,0,'POST','/usuarios','::1','PostmanRuntime/7.3.0','2018-10-25 09:17:39'),(166,0,'POST','/usuarios','::1','PostmanRuntime/7.3.0','2018-10-25 09:17:40'),(167,0,'POST','/sesion','::1','PostmanRuntime/7.3.0','2018-10-25 09:17:41'),(168,0,'DELETE','/sesion','::1','PostmanRuntime/7.3.0','2018-10-25 09:17:42'),(169,0,'POST','/usuarios','::1','PostmanRuntime/7.3.0','2018-10-25 09:18:28'),(170,0,'POST','/usuarios','::1','PostmanRuntime/7.3.0','2018-10-25 09:18:28'),(171,0,'POST','/usuarios','::1','PostmanRuntime/7.3.0','2018-10-25 09:18:28'),(172,0,'POST','/sesion','::1','PostmanRuntime/7.3.0','2018-10-25 09:18:29'),(173,0,'DELETE','/sesion','::1','PostmanRuntime/7.3.0','2018-10-25 09:18:29'),(174,0,'POST','/usuarios','::1','PostmanRuntime/7.3.0','2018-10-25 09:21:23'),(175,0,'POST','/usuarios','::1','PostmanRuntime/7.3.0','2018-10-25 09:21:23'),(176,0,'POST','/usuarios','::1','PostmanRuntime/7.3.0','2018-10-25 09:21:23'),(177,0,'POST','/sesion','::1','PostmanRuntime/7.3.0','2018-10-25 09:21:23'),(178,0,'DELETE','/sesion','::1','PostmanRuntime/7.3.0','2018-10-25 09:21:24'),(179,0,'POST','/sesion','::1','Mozilla/5.0 (X11; Linux x86_64) AppleWebKit/537.36 (KHTML, like Gecko) Chrome/70.0.3538.67 Safari/537.36','2018-11-11 22:07:27'),(180,0,'POST','/usuarios','::1','Mozilla/5.0 (X11; Linux x86_64) AppleWebKit/537.36 (KHTML, like Gecko) Chrome/70.0.3538.67 Safari/537.36','2018-11-11 22:07:42'),(181,0,'POST','/sesion','::1','Mozilla/5.0 (X11; Linux x86_64) AppleWebKit/537.36 (KHTML, like Gecko) Chrome/70.0.3538.67 Safari/537.36','2018-11-11 22:07:54'),(182,0,'POST','/sesion','::1','Mozilla/5.0 (X11; Linux x86_64) AppleWebKit/537.36 (KHTML, like Gecko) Chrome/70.0.3538.67 Safari/537.36','2018-11-11 22:10:09'),(183,0,'POST','/sesion','::ffff:192.168.0.22','okhttp/3.11.0','2018-11-11 22:21:03'),(184,0,'POST','/sesion','::ffff:192.168.0.22','okhttp/3.11.0','2018-11-11 22:23:11'),(185,0,'POST','/sesion','::ffff:192.168.0.22','okhttp/3.11.0','2018-11-11 22:24:21'),(186,0,'POST','/sesion','::ffff:192.168.0.22','okhttp/3.11.0','2018-11-11 22:25:42'),(187,0,'POST','/sesion','::ffff:192.168.0.22','okhttp/3.11.0','2018-11-11 22:26:55'),(188,0,'POST','/sesion','::ffff:192.168.0.22','okhttp/3.11.0','2018-11-11 22:33:40'),(189,0,'POST','/sesion','::ffff:192.168.0.22','okhttp/3.11.0','2018-11-11 22:33:46'),(190,0,'POST','/sesion','::ffff:192.168.0.22','okhttp/3.11.0','2018-11-11 22:33:55'),(191,0,'POST','/sesion','::ffff:192.168.0.22','okhttp/3.11.0','2018-11-11 22:55:20'),(192,0,'POST','/sesion','::ffff:192.168.0.22','okhttp/3.11.0','2018-11-11 23:01:46'),(193,0,'POST','/sesion','::ffff:192.168.0.22','okhttp/3.11.0','2018-11-11 23:01:52'),(194,0,'POST','/sesion','::ffff:192.168.0.22','okhttp/3.11.0','2018-11-11 23:02:14'),(195,0,'POST','/sesion','::ffff:192.168.0.22','okhttp/3.11.0','2018-11-11 23:09:31'),(196,0,'POST','/sesion','::ffff:192.168.0.22','okhttp/3.11.0','2018-11-11 23:09:39'),(197,0,'POST','/sesion','::ffff:192.168.0.22','okhttp/3.11.0','2018-11-11 23:10:40'),(198,0,'POST','/sesion','::ffff:192.168.0.22','okhttp/3.11.0','2018-11-11 23:11:14'),(199,0,'POST','/sesion','::ffff:192.168.0.22','okhttp/3.11.0','2018-11-11 23:11:52'),(200,0,'POST','/sesion','::ffff:192.168.0.22','okhttp/3.11.0','2018-11-11 23:11:58'),(201,0,'POST','/sesion','::ffff:192.168.0.22','okhttp/3.11.0','2018-11-11 23:12:30'),(202,0,'POST','/sesion','::ffff:192.168.0.22','okhttp/3.11.0','2018-11-11 23:16:54'),(203,0,'POST','/sesion','::ffff:192.168.0.22','okhttp/3.11.0','2018-11-11 23:22:30'),(204,0,'POST','/sesion','::ffff:192.168.0.22','okhttp/3.11.0','2018-11-11 23:22:35'),(205,0,'POST','/sesion','::ffff:192.168.0.22','okhttp/3.11.0','2018-11-11 23:29:24'),(206,0,'POST','/sesion','::ffff:192.168.0.22','okhttp/3.11.0','2018-11-11 23:29:28'),(207,0,'POST','/sesion','::ffff:192.168.0.22','okhttp/3.11.0','2018-11-11 23:29:44'),(208,0,'POST','/sesion','::ffff:192.168.0.22','okhttp/3.11.0','2018-11-11 23:37:56'),(209,0,'POST','/sesion','::ffff:192.168.0.22','okhttp/3.11.0','2018-11-11 23:38:10'),(210,0,'POST','/sesion','::ffff:192.168.0.22','okhttp/3.11.0','2018-11-11 23:38:16'),(211,0,'POST','/sesion','::ffff:127.0.0.1','okhttp/3.11.0','2018-11-12 09:23:27'),(212,0,'POST','/sesion','::ffff:127.0.0.1','okhttp/3.11.0','2018-11-12 09:23:33'),(213,0,'POST','/sesion','::ffff:127.0.0.1','okhttp/3.11.0','2018-11-12 09:23:48'),(214,0,'POST','/sesion','::ffff:127.0.0.1','okhttp/3.11.0','2018-11-12 09:37:28'),(215,0,'POST','/sesion','::ffff:127.0.0.1','okhttp/3.11.0','2018-11-12 09:41:05'),(216,0,'POST','/sesion','::ffff:127.0.0.1','okhttp/3.11.0','2018-11-12 11:00:35'),(217,0,'POST','/sesion','::ffff:127.0.0.1','okhttp/3.11.0','2018-11-12 11:26:28'),(218,0,'POST','/sesion','::ffff:127.0.0.1','okhttp/3.11.0','2018-11-12 11:27:25'),(219,0,'POST','/sesion','::ffff:127.0.0.1','okhttp/3.11.0','2018-11-12 11:27:35'),(220,0,'POST','/sesion','::ffff:127.0.0.1','okhttp/3.11.0','2018-11-12 11:28:02'),(221,0,'GET','/tags/6F2C7EE1','::ffff:192.168.0.102',NULL,'2018-11-22 10:04:49'),(222,0,'GET','/tags/6F2C7EE1','::ffff:192.168.0.102',NULL,'2018-11-22 10:04:49'),(223,0,'GET','/tags/6F2C7EE1','::ffff:192.168.0.102',NULL,'2018-11-22 10:04:51'),(224,0,'GET','/tags/6F2C7EE1','::ffff:192.168.0.102',NULL,'2018-11-22 10:05:24'),(225,0,'GET','/tags/6F2C7EE1','::ffff:192.168.0.102',NULL,'2018-11-22 10:05:28'),(226,0,'GET','/tags/6F2C7EE1','::ffff:192.168.0.102',NULL,'2018-11-22 10:07:56'),(227,0,'POST','/sesion','::ffff:192.168.1.69','okhttp/3.11.0','2018-11-23 14:11:06'),(228,0,'POST','/sesion','::ffff:192.168.1.69','okhttp/3.11.0','2018-11-23 15:37:02'),(229,0,'POST','/sesion','::ffff:192.168.1.69','okhttp/3.11.0','2018-11-23 17:33:38'),(230,0,'POST','/sesion','::ffff:192.168.1.69','okhttp/3.11.0','2018-11-23 19:20:30'),(231,0,'POST','/sesion','::ffff:192.168.1.69','okhttp/3.11.0','2018-11-23 19:20:47'),(232,0,'GET','/clientes?page=1&perPage=15','::ffff:192.168.1.107','PostmanRuntime/7.4.0','2018-11-24 10:54:49'),(233,0,'POST','/sesion','::ffff:192.168.1.107','PostmanRuntime/7.4.0','2018-11-24 10:56:51'),(234,0,'GET','/clientes?page=1&perPage=15','::ffff:192.168.1.107','PostmanRuntime/7.4.0','2018-11-24 10:58:58'),(235,0,'POST','/sesion','::ffff:192.168.1.107','PostmanRuntime/7.4.0','2018-11-24 11:01:39'),(236,0,'POST','/clientes','::ffff:192.168.1.107','PostmanRuntime/7.4.0','2018-11-24 11:07:45'),(237,0,'POST','/clientes','::ffff:192.168.1.107','PostmanRuntime/7.4.0','2018-11-24 11:08:21'),(238,0,'POST','/clientes','::ffff:192.168.1.107','PostmanRuntime/7.4.0','2018-11-24 11:18:44'),(239,0,'GET','/clientes?page=1&perPage=15','::ffff:192.168.1.107','PostmanRuntime/7.4.0','2018-11-24 11:22:50'),(240,0,'POST','/clientes','::ffff:192.168.1.107','PostmanRuntime/7.4.0','2018-11-24 11:24:25'),(241,0,'GET','/clientes?page=1&perPage=15','::ffff:192.168.1.107','PostmanRuntime/7.4.0','2018-11-24 11:24:37'),(242,0,'POST','/sesion','::ffff:192.168.1.107','PostmanRuntime/7.4.0','2018-11-24 11:26:57'),(243,0,'GET','/clientes/60?Authorization=4ab99e95-1222-415e-ba79-ffcf2352d94b','::ffff:192.168.1.107','PostmanRuntime/7.4.0','2018-11-24 11:27:10'),(244,0,'GET','/clientes/60?=','::ffff:192.168.1.107','PostmanRuntime/7.4.0','2018-11-24 11:28:05'),(245,0,'GET','/clientes/%7B%7Bid%7D%7D?=','::ffff:192.168.1.107','PostmanRuntime/7.4.0','2018-11-24 11:28:50'),(246,0,'PUT','/clientes/1','::ffff:192.168.1.107','PostmanRuntime/7.4.0','2018-11-24 11:34:30'),(247,0,'GET','/clientes?page=1&perPage=15','::ffff:192.168.1.107','Mozilla/5.0 (Windows NT 10.0; Win64; x64) AppleWebKit/537.36 (KHTML, like Gecko) Chrome/70.0.3538.110 Safari/537.36','2018-11-24 11:39:43'),(248,0,'GET','/clientes/1','::ffff:192.168.1.107','Mozilla/5.0 (Windows NT 10.0; Win64; x64) AppleWebKit/537.36 (KHTML, like Gecko) Chrome/70.0.3538.110 Safari/537.36','2018-11-24 11:40:19'),(249,0,'DELETE','/clientes/3','::ffff:192.168.1.107','Mozilla/5.0 (Windows NT 10.0; Win64; x64) AppleWebKit/537.36 (KHTML, like Gecko) Chrome/70.0.3538.110 Safari/537.36','2018-11-24 11:44:22'),(250,0,'GET','/clientes?page=1&perPage=15','::ffff:192.168.1.107','Mozilla/5.0 (Windows NT 10.0; Win64; x64) AppleWebKit/537.36 (KHTML, like Gecko) Chrome/70.0.3538.110 Safari/537.36','2018-11-24 11:44:38'),(251,0,'PUT','/clientes/1/domicilio','::ffff:192.168.1.107','Mozilla/5.0 (Windows NT 10.0; Win64; x64) AppleWebKit/537.36 (KHTML, like Gecko) Chrome/70.0.3538.110 Safari/537.36','2018-11-24 11:46:26'),(252,0,'GET','/clientes?page=1&perPage=15','::ffff:192.168.1.107','Mozilla/5.0 (Windows NT 10.0; Win64; x64) AppleWebKit/537.36 (KHTML, like Gecko) Chrome/70.0.3538.110 Safari/537.36','2018-11-24 11:46:49'),(253,0,'GET','/clientes/1','::ffff:192.168.1.107','Mozilla/5.0 (Windows NT 10.0; Win64; x64) AppleWebKit/537.36 (KHTML, like Gecko) Chrome/70.0.3538.110 Safari/537.36','2018-11-24 11:47:19'),(254,0,'GET','/clientes/2','::ffff:192.168.1.107','Mozilla/5.0 (Windows NT 10.0; Win64; x64) AppleWebKit/537.36 (KHTML, like Gecko) Chrome/70.0.3538.110 Safari/537.36','2018-11-24 11:47:49'),(255,0,'PUT','/clientes/1/domicilio','::ffff:192.168.1.107','Mozilla/5.0 (Windows NT 10.0; Win64; x64) AppleWebKit/537.36 (KHTML, like Gecko) Chrome/70.0.3538.110 Safari/537.36','2018-11-24 11:48:11'),(256,0,'PUT','/clientes/1/domicilio','::ffff:192.168.1.107','Mozilla/5.0 (Windows NT 10.0; Win64; x64) AppleWebKit/537.36 (KHTML, like Gecko) Chrome/70.0.3538.110 Safari/537.36','2018-11-24 11:48:21'),(257,0,'GET','/clientes/2','::ffff:192.168.1.107','Mozilla/5.0 (Windows NT 10.0; Win64; x64) AppleWebKit/537.36 (KHTML, like Gecko) Chrome/70.0.3538.110 Safari/537.36','2018-11-24 11:48:48'),(258,0,'PUT','/clientes/1/domicilio','::ffff:192.168.1.107','Mozilla/5.0 (Windows NT 10.0; Win64; x64) AppleWebKit/537.36 (KHTML, like Gecko) Chrome/70.0.3538.110 Safari/537.36','2018-11-24 11:50:00'),(259,0,'PUT','/clientes/1/domicilio','::ffff:192.168.1.107','Mozilla/5.0 (Windows NT 10.0; Win64; x64) AppleWebKit/537.36 (KHTML, like Gecko) Chrome/70.0.3538.110 Safari/537.36','2018-11-24 11:50:02'),(260,0,'GET','/clientes/1','::ffff:192.168.1.107','Mozilla/5.0 (Windows NT 10.0; Win64; x64) AppleWebKit/537.36 (KHTML, like Gecko) Chrome/70.0.3538.110 Safari/537.36','2018-11-24 11:50:15'),(261,0,'GET','/clientes/2','::ffff:192.168.1.107','Mozilla/5.0 (Windows NT 10.0; Win64; x64) AppleWebKit/537.36 (KHTML, like Gecko) Chrome/70.0.3538.110 Safari/537.36','2018-11-24 11:51:13'),(262,0,'PUT','/clientes/2/domicilio','::ffff:192.168.1.107','Mozilla/5.0 (Windows NT 10.0; Win64; x64) AppleWebKit/537.36 (KHTML, like Gecko) Chrome/70.0.3538.110 Safari/537.36','2018-11-24 11:51:54'),(263,0,'POST','/sesion','::ffff:127.0.0.1','okhttp/3.11.0','2018-11-24 12:07:33'),(264,0,'POST','/sesion','::ffff:127.0.0.1','okhttp/3.11.0','2018-11-24 12:07:41'),(265,0,'GET','/clientes/2','::ffff:192.168.1.107','Mozilla/5.0 (Windows NT 10.0; Win64; x64) AppleWebKit/537.36 (KHTML, like Gecko) Chrome/70.0.3538.110 Safari/537.36','2018-11-24 12:15:54'),(266,0,'GET','/clientes/2','::ffff:192.168.1.107','Mozilla/5.0 (Windows NT 10.0; Win64; x64) AppleWebKit/537.36 (KHTML, like Gecko) Chrome/70.0.3538.110 Safari/537.36','2018-11-24 12:16:02'),(267,0,'GET','/clientes/1','::ffff:192.168.1.107','Mozilla/5.0 (Windows NT 10.0; Win64; x64) AppleWebKit/537.36 (KHTML, like Gecko) Chrome/70.0.3538.110 Safari/537.36','2018-11-24 12:16:09'),(268,0,'GET','/clientes/1','::ffff:192.168.1.107','Mozilla/5.0 (Windows NT 10.0; Win64; x64) AppleWebKit/537.36 (KHTML, like Gecko) Chrome/70.0.3538.110 Safari/537.36','2018-11-24 12:16:12'),(269,0,'GET','/clientes/2','::ffff:192.168.1.107','Mozilla/5.0 (Windows NT 10.0; Win64; x64) AppleWebKit/537.36 (KHTML, like Gecko) Chrome/70.0.3538.110 Safari/537.36','2018-11-24 12:16:21'),(270,0,'POST','/sesion','::ffff:127.0.0.1','okhttp/3.11.0','2018-11-24 12:16:32'),(271,0,'PUT','/clientes/2/domicilio','::ffff:192.168.1.107','Mozilla/5.0 (Windows NT 10.0; Win64; x64) AppleWebKit/537.36 (KHTML, like Gecko) Chrome/70.0.3538.110 Safari/537.36','2018-11-24 12:17:06'),(272,0,'GET','/clientes/2','::ffff:192.168.1.107','Mozilla/5.0 (Windows NT 10.0; Win64; x64) AppleWebKit/537.36 (KHTML, like Gecko) Chrome/70.0.3538.110 Safari/537.36','2018-11-24 12:17:27'),(273,0,'GET','/clientes/2','::ffff:192.168.1.107','Mozilla/5.0 (Windows NT 10.0; Win64; x64) AppleWebKit/537.36 (KHTML, like Gecko) Chrome/70.0.3538.110 Safari/537.36','2018-11-24 12:18:15'),(274,0,'GET','/clientes/1','::ffff:192.168.1.107','Mozilla/5.0 (Windows NT 10.0; Win64; x64) AppleWebKit/537.36 (KHTML, like Gecko) Chrome/70.0.3538.110 Safari/537.36','2018-11-24 12:18:29'),(275,0,'GET','/clientes/2','::ffff:192.168.1.107','Mozilla/5.0 (Windows NT 10.0; Win64; x64) AppleWebKit/537.36 (KHTML, like Gecko) Chrome/70.0.3538.110 Safari/537.36','2018-11-24 12:18:50'),(276,0,'PUT','/clientes/2/domicilio','::ffff:192.168.1.107','Mozilla/5.0 (Windows NT 10.0; Win64; x64) AppleWebKit/537.36 (KHTML, like Gecko) Chrome/70.0.3538.110 Safari/537.36','2018-11-24 12:20:20'),(277,0,'GET','/clientes/2','::ffff:192.168.1.107','Mozilla/5.0 (Windows NT 10.0; Win64; x64) AppleWebKit/537.36 (KHTML, like Gecko) Chrome/70.0.3538.110 Safari/537.36','2018-11-24 12:20:32'),(278,0,'PUT','/clientes/2','::ffff:192.168.1.107','Mozilla/5.0 (Windows NT 10.0; Win64; x64) AppleWebKit/537.36 (KHTML, like Gecko) Chrome/70.0.3538.110 Safari/537.36','2018-11-24 12:21:41'),(279,0,'GET','/clientes/2','::ffff:192.168.1.107','Mozilla/5.0 (Windows NT 10.0; Win64; x64) AppleWebKit/537.36 (KHTML, like Gecko) Chrome/70.0.3538.110 Safari/537.36','2018-11-24 12:22:00'),(280,0,'PUT','/clientes/2/domicilio','::ffff:192.168.1.107','Mozilla/5.0 (Windows NT 10.0; Win64; x64) AppleWebKit/537.36 (KHTML, like Gecko) Chrome/70.0.3538.110 Safari/537.36','2018-11-24 12:24:28'),(281,0,'GET','/clientes/2','::ffff:192.168.1.107','Mozilla/5.0 (Windows NT 10.0; Win64; x64) AppleWebKit/537.36 (KHTML, like Gecko) Chrome/70.0.3538.110 Safari/537.36','2018-11-24 12:24:34'),(282,0,'GET','/clientes/2','::ffff:192.168.1.107','Mozilla/5.0 (Windows NT 10.0; Win64; x64) AppleWebKit/537.36 (KHTML, like Gecko) Chrome/70.0.3538.110 Safari/537.36','2018-11-24 12:24:47'),(283,0,'GET','/productos?page=1&perPage=15','::ffff:192.168.1.107','Mozilla/5.0 (Windows NT 10.0; Win64; x64) AppleWebKit/537.36 (KHTML, like Gecko) Chrome/70.0.3538.110 Safari/537.36','2018-11-24 12:29:00'),(284,0,'POST','/productos','::ffff:192.168.1.107','Mozilla/5.0 (Windows NT 10.0; Win64; x64) AppleWebKit/537.36 (KHTML, like Gecko) Chrome/70.0.3538.110 Safari/537.36','2018-11-24 12:32:21'),(285,0,'POST','/sesion','::ffff:192.168.1.107','Mozilla/5.0 (Windows NT 10.0; Win64; x64) AppleWebKit/537.36 (KHTML, like Gecko) Chrome/70.0.3538.110 Safari/537.36','2018-11-24 12:33:09'),(286,0,'POST','/sesion','::ffff:192.168.1.107','Mozilla/5.0 (Windows NT 10.0; Win64; x64) AppleWebKit/537.36 (KHTML, like Gecko) Chrome/70.0.3538.110 Safari/537.36','2018-11-24 12:34:41'),(287,0,'POST','/productos','::ffff:192.168.1.107','Mozilla/5.0 (Windows NT 10.0; Win64; x64) AppleWebKit/537.36 (KHTML, like Gecko) Chrome/70.0.3538.110 Safari/537.36','2018-11-24 12:35:10'),(288,0,'POST','/productos','::ffff:192.168.1.107','Mozilla/5.0 (Windows NT 10.0; Win64; x64) AppleWebKit/537.36 (KHTML, like Gecko) Chrome/70.0.3538.110 Safari/537.36','2018-11-24 12:36:18'),(289,0,'POST','/productos','::ffff:192.168.1.107','Mozilla/5.0 (Windows NT 10.0; Win64; x64) AppleWebKit/537.36 (KHTML, like Gecko) Chrome/70.0.3538.110 Safari/537.36','2018-11-24 12:46:13'),(290,0,'GET','/productos/1','::ffff:192.168.1.107','Mozilla/5.0 (Windows NT 10.0; Win64; x64) AppleWebKit/537.36 (KHTML, like Gecko) Chrome/70.0.3538.110 Safari/537.36','2018-11-24 12:46:45'),(291,0,'PUT','/productos/1','::ffff:192.168.1.107','Mozilla/5.0 (Windows NT 10.0; Win64; x64) AppleWebKit/537.36 (KHTML, like Gecko) Chrome/70.0.3538.110 Safari/537.36','2018-11-24 12:48:15'),(292,0,'GET','/productos/1','::ffff:192.168.1.107','Mozilla/5.0 (Windows NT 10.0; Win64; x64) AppleWebKit/537.36 (KHTML, like Gecko) Chrome/70.0.3538.110 Safari/537.36','2018-11-24 12:48:31'),(293,0,'DELETE','/productos/1','::ffff:192.168.1.107','Mozilla/5.0 (Windows NT 10.0; Win64; x64) AppleWebKit/537.36 (KHTML, like Gecko) Chrome/70.0.3538.110 Safari/537.36','2018-11-24 12:48:54'),(294,0,'GET','/productos?page=1&perPage=15','::ffff:192.168.1.107','Mozilla/5.0 (Windows NT 10.0; Win64; x64) AppleWebKit/537.36 (KHTML, like Gecko) Chrome/70.0.3538.110 Safari/537.36','2018-11-24 12:49:05'),(295,0,'POST','/productos','::ffff:192.168.1.107','Mozilla/5.0 (Windows NT 10.0; Win64; x64) AppleWebKit/537.36 (KHTML, like Gecko) Chrome/70.0.3538.110 Safari/537.36','2018-11-24 12:49:28'),(296,0,'GET','/productos?page=1&perPage=15','::ffff:192.168.1.107','Mozilla/5.0 (Windows NT 10.0; Win64; x64) AppleWebKit/537.36 (KHTML, like Gecko) Chrome/70.0.3538.110 Safari/537.36','2018-11-24 12:49:34'),(297,0,'POST','/usuarios','::ffff:192.168.1.107','Mozilla/5.0 (Windows NT 10.0; Win64; x64) AppleWebKit/537.36 (KHTML, like Gecko) Chrome/70.0.3538.110 Safari/537.36','2018-11-24 12:53:34'),(298,0,'POST','/sesion','::ffff:192.168.1.107','Mozilla/5.0 (Windows NT 10.0; Win64; x64) AppleWebKit/537.36 (KHTML, like Gecko) Chrome/70.0.3538.110 Safari/537.36','2018-11-24 12:54:58'),(299,0,'DELETE','/sesion','::ffff:192.168.1.107','Mozilla/5.0 (Windows NT 10.0; Win64; x64) AppleWebKit/537.36 (KHTML, like Gecko) Chrome/70.0.3538.110 Safari/537.36','2018-11-24 12:55:18'),(300,0,'DELETE','/sesion','::ffff:192.168.1.107','Mozilla/5.0 (Windows NT 10.0; Win64; x64) AppleWebKit/537.36 (KHTML, like Gecko) Chrome/70.0.3538.110 Safari/537.36','2018-11-24 12:56:08'),(301,0,'POST','/sesion','::ffff:192.168.1.107','Mozilla/5.0 (Windows NT 10.0; Win64; x64) AppleWebKit/537.36 (KHTML, like Gecko) Chrome/70.0.3538.110 Safari/537.36','2018-11-24 12:56:18'),(302,0,'GET','/clientes?page=1&perPage=15','::ffff:192.168.1.107','Mozilla/5.0 (Windows NT 10.0; Win64; x64) AppleWebKit/537.36 (KHTML, like Gecko) Chrome/70.0.3538.110 Safari/537.36','2018-11-24 12:56:58'),(303,0,'GET','/clientes/2','::ffff:192.168.1.107','Mozilla/5.0 (Windows NT 10.0; Win64; x64) AppleWebKit/537.36 (KHTML, like Gecko) Chrome/70.0.3538.110 Safari/537.36','2018-11-24 12:57:51'),(304,0,'GET','/ventas?page=1&perPage=15','::ffff:192.168.1.107','Mozilla/5.0 (Windows NT 10.0; Win64; x64) AppleWebKit/537.36 (KHTML, like Gecko) Chrome/70.0.3538.110 Safari/537.36','2018-11-24 12:58:29'),(305,0,'POST','/sesion','::ffff:192.168.1.107','Mozilla/5.0 (Windows NT 10.0; Win64; x64) AppleWebKit/537.36 (KHTML, like Gecko) Chrome/70.0.3538.110 Safari/537.36','2018-11-24 12:58:46'),(306,0,'GET','/ventas?page=1&perPage=15','::ffff:192.168.1.107','Mozilla/5.0 (Windows NT 10.0; Win64; x64) AppleWebKit/537.36 (KHTML, like Gecko) Chrome/70.0.3538.110 Safari/537.36','2018-11-24 12:59:22'),(307,0,'GET','/clientes?page=1&perPage=15','::ffff:192.168.1.107','Mozilla/5.0 (Windows NT 10.0; Win64; x64) AppleWebKit/537.36 (KHTML, like Gecko) Chrome/70.0.3538.110 Safari/537.36','2018-11-24 12:59:39'),(308,0,'GET','/clientes/2','::ffff:192.168.1.107','Mozilla/5.0 (Windows NT 10.0; Win64; x64) AppleWebKit/537.36 (KHTML, like Gecko) Chrome/70.0.3538.110 Safari/537.36','2018-11-24 13:03:04'),(309,0,'GET','/ventas?page=1&perPage=15','::ffff:192.168.1.107','Mozilla/5.0 (Windows NT 10.0; Win64; x64) AppleWebKit/537.36 (KHTML, like Gecko) Chrome/70.0.3538.110 Safari/537.36','2018-11-24 13:06:06'),(310,0,'GET','/ventas?page=1&perPage=15','::ffff:192.168.1.107','Mozilla/5.0 (Windows NT 10.0; Win64; x64) AppleWebKit/537.36 (KHTML, like Gecko) Chrome/70.0.3538.110 Safari/537.36','2018-11-24 13:06:43'),(311,0,'GET','/clientes?page=1&perPage=15','::ffff:192.168.1.107','Mozilla/5.0 (Windows NT 10.0; Win64; x64) AppleWebKit/537.36 (KHTML, like Gecko) Chrome/70.0.3538.110 Safari/537.36','2018-11-24 13:20:33'),(312,0,'POST','/clientes','::ffff:192.168.1.107','Mozilla/5.0 (Windows NT 10.0; Win64; x64) AppleWebKit/537.36 (KHTML, like Gecko) Chrome/70.0.3538.110 Safari/537.36','2018-11-24 13:21:58'),(313,0,'GET','/ventas?page=1&perPage=15','::ffff:192.168.1.107','Mozilla/5.0 (Windows NT 10.0; Win64; x64) AppleWebKit/537.36 (KHTML, like Gecko) Chrome/70.0.3538.110 Safari/537.36','2018-11-24 13:22:08'),(314,0,'GET','/clientes?page=1&perPage=15','::ffff:192.168.1.107','Mozilla/5.0 (Windows NT 10.0; Win64; x64) AppleWebKit/537.36 (KHTML, like Gecko) Chrome/70.0.3538.110 Safari/537.36','2018-11-24 13:22:21'),(315,0,'POST','/productos','::ffff:192.168.1.107','Mozilla/5.0 (Windows NT 10.0; Win64; x64) AppleWebKit/537.36 (KHTML, like Gecko) Chrome/70.0.3538.110 Safari/537.36','2018-11-24 13:31:20'),(316,0,'GET','/productos?page=1&perPage=15','::ffff:192.168.1.107','Mozilla/5.0 (Windows NT 10.0; Win64; x64) AppleWebKit/537.36 (KHTML, like Gecko) Chrome/70.0.3538.110 Safari/537.36','2018-11-24 13:31:28'),(317,0,'GET','/productos/3','::ffff:192.168.1.107','Mozilla/5.0 (Windows NT 10.0; Win64; x64) AppleWebKit/537.36 (KHTML, like Gecko) Chrome/70.0.3538.110 Safari/537.36','2018-11-24 13:32:21'),(318,0,'POST','/ventas','::ffff:192.168.1.107','Mozilla/5.0 (Windows NT 10.0; Win64; x64) AppleWebKit/537.36 (KHTML, like Gecko) Chrome/70.0.3538.110 Safari/537.36','2018-11-24 13:33:01'),(319,0,'POST','/ventas','::ffff:192.168.1.107','Mozilla/5.0 (Windows NT 10.0; Win64; x64) AppleWebKit/537.36 (KHTML, like Gecko) Chrome/70.0.3538.110 Safari/537.36','2018-11-24 13:36:24'),(320,0,'POST','/ventas','::ffff:192.168.1.107','Mozilla/5.0 (Windows NT 10.0; Win64; x64) AppleWebKit/537.36 (KHTML, like Gecko) Chrome/70.0.3538.110 Safari/537.36','2018-11-24 13:38:37'),(321,0,'POST','/ventas','::ffff:192.168.1.107','Mozilla/5.0 (Windows NT 10.0; Win64; x64) AppleWebKit/537.36 (KHTML, like Gecko) Chrome/70.0.3538.110 Safari/537.36','2018-11-24 13:43:37'),(322,0,'POST','/ventas','::ffff:192.168.1.107','Mozilla/5.0 (Windows NT 10.0; Win64; x64) AppleWebKit/537.36 (KHTML, like Gecko) Chrome/70.0.3538.110 Safari/537.36','2018-11-24 13:46:17'),(323,0,'GET','/ventas/3','::ffff:192.168.1.107','Mozilla/5.0 (Windows NT 10.0; Win64; x64) AppleWebKit/537.36 (KHTML, like Gecko) Chrome/70.0.3538.110 Safari/537.36','2018-11-24 13:53:49'),(324,0,'GET','/ventas/%7Bid%7D/productos?page=1&perPage=14','::ffff:192.168.1.107','Mozilla/5.0 (Windows NT 10.0; Win64; x64) AppleWebKit/537.36 (KHTML, like Gecko) Chrome/70.0.3538.110 Safari/537.36','2018-11-24 14:10:35'),(325,0,'POST','/ventas/3/abonos','::ffff:192.168.1.107','Mozilla/5.0 (Windows NT 10.0; Win64; x64) AppleWebKit/537.36 (KHTML, like Gecko) Chrome/70.0.3538.110 Safari/537.36','2018-11-24 14:14:23'),(326,0,'GET','/ventas/3','::ffff:192.168.1.107','Mozilla/5.0 (Windows NT 10.0; Win64; x64) AppleWebKit/537.36 (KHTML, like Gecko) Chrome/70.0.3538.110 Safari/537.36','2018-11-24 14:14:49'),(327,0,'GET','/ventas/3/abonos/realizados?page=1&perPage=15','::ffff:192.168.1.107','Mozilla/5.0 (Windows NT 10.0; Win64; x64) AppleWebKit/537.36 (KHTML, like Gecko) Chrome/70.0.3538.110 Safari/537.36','2018-11-24 14:22:57'),(328,0,'GET','/ventas/3/abonos/generados?page=1&perPage=15','::ffff:192.168.1.107','Mozilla/5.0 (Windows NT 10.0; Win64; x64) AppleWebKit/537.36 (KHTML, like Gecko) Chrome/70.0.3538.110 Safari/537.36','2018-11-24 14:23:35'),(329,0,'GET','/ventas/3/abonos/generados?page=1&perPage=1000','::ffff:192.168.1.107','Mozilla/5.0 (Windows NT 10.0; Win64; x64) AppleWebKit/537.36 (KHTML, like Gecko) Chrome/70.0.3538.110 Safari/537.36','2018-11-24 14:32:20'),(330,0,'POST','/ventas','::ffff:192.168.1.107','Mozilla/5.0 (Windows NT 10.0; Win64; x64) AppleWebKit/537.36 (KHTML, like Gecko) Chrome/70.0.3538.110 Safari/537.36','2018-11-24 14:41:37'),(331,0,'GET','/ventas/4','::ffff:192.168.1.107','Mozilla/5.0 (Windows NT 10.0; Win64; x64) AppleWebKit/537.36 (KHTML, like Gecko) Chrome/70.0.3538.110 Safari/537.36','2018-11-24 14:42:36'),(332,0,'POST','/ventas/4/abonos','::ffff:192.168.1.107','Mozilla/5.0 (Windows NT 10.0; Win64; x64) AppleWebKit/537.36 (KHTML, like Gecko) Chrome/70.0.3538.110 Safari/537.36','2018-11-24 14:42:54'),(333,0,'GET','/ventas/4/abonos/generados?page=1&perPage=15','::ffff:192.168.1.107','Mozilla/5.0 (Windows NT 10.0; Win64; x64) AppleWebKit/537.36 (KHTML, like Gecko) Chrome/70.0.3538.110 Safari/537.36','2018-11-24 14:43:07'),(334,0,'GET','/ventas/4/abonos/generados?page=1&perPage=20','::ffff:192.168.1.107','Mozilla/5.0 (Windows NT 10.0; Win64; x64) AppleWebKit/537.36 (KHTML, like Gecko) Chrome/70.0.3538.110 Safari/537.36','2018-11-24 14:43:41'),(335,0,'GET','/ventas/4/abonos/generados?page=1&perPage=21','::ffff:192.168.1.107','Mozilla/5.0 (Windows NT 10.0; Win64; x64) AppleWebKit/537.36 (KHTML, like Gecko) Chrome/70.0.3538.110 Safari/537.36','2018-11-24 14:43:57'),(336,0,'GET','/productos?page=1&perPage=10','::ffff:127.0.0.1','okhttp/3.11.0','2018-11-24 15:37:04'),(337,0,'DELETE','/sesion','::ffff:192.168.1.107','Mozilla/5.0 (Windows NT 10.0; Win64; x64) AppleWebKit/537.36 (KHTML, like Gecko) Chrome/70.0.3538.110 Safari/537.36','2018-11-24 15:39:34'),(338,0,'DELETE','/sesion','::ffff:192.168.1.107','Mozilla/5.0 (Windows NT 10.0; Win64; x64) AppleWebKit/537.36 (KHTML, like Gecko) Chrome/70.0.3538.110 Safari/537.36','2018-11-24 15:40:22'),(339,0,'POST','/sesion','::ffff:192.168.1.107','Mozilla/5.0 (Windows NT 10.0; Win64; x64) AppleWebKit/537.36 (KHTML, like Gecko) Chrome/70.0.3538.110 Safari/537.36','2018-11-24 15:40:36'),(340,0,'GET','/ventas/4/abonos/generados?page=1&perPage=21','::ffff:192.168.1.107','Mozilla/5.0 (Windows NT 10.0; Win64; x64) AppleWebKit/537.36 (KHTML, like Gecko) Chrome/70.0.3538.110 Safari/537.36','2018-11-24 15:41:29'),(341,0,'POST','/productos','::ffff:192.168.1.107','Mozilla/5.0 (Windows NT 10.0; Win64; x64) AppleWebKit/537.36 (KHTML, like Gecko) Chrome/70.0.3538.110 Safari/537.36','2018-11-24 15:42:41'),(342,0,'GET','/productos?page=1&perPage=15','::ffff:192.168.1.107','Mozilla/5.0 (Windows NT 10.0; Win64; x64) AppleWebKit/537.36 (KHTML, like Gecko) Chrome/70.0.3538.110 Safari/537.36','2018-11-24 15:44:02'),(343,0,'POST','/productos','::ffff:192.168.1.107','Mozilla/5.0 (Windows NT 10.0; Win64; x64) AppleWebKit/537.36 (KHTML, like Gecko) Chrome/70.0.3538.110 Safari/537.36','2018-11-24 15:46:10'),(344,0,'POST','/productos','::ffff:192.168.1.107','Mozilla/5.0 (Windows NT 10.0; Win64; x64) AppleWebKit/537.36 (KHTML, like Gecko) Chrome/70.0.3538.110 Safari/537.36','2018-11-24 15:47:56'),(345,0,'POST','/productos','::ffff:192.168.1.107','Mozilla/5.0 (Windows NT 10.0; Win64; x64) AppleWebKit/537.36 (KHTML, like Gecko) Chrome/70.0.3538.110 Safari/537.36','2018-11-24 15:51:32'),(346,0,'GET','/productos?page=1&perPage=5','::ffff:127.0.0.1','okhttp/3.11.0','2018-11-24 15:51:54'),(347,0,'POST','/productos','::ffff:192.168.1.107','Mozilla/5.0 (Windows NT 10.0; Win64; x64) AppleWebKit/537.36 (KHTML, like Gecko) Chrome/70.0.3538.110 Safari/537.36','2018-11-24 15:52:16'),(348,0,'GET','/productos?page=1&perPage=5','::ffff:127.0.0.1','okhttp/3.11.0','2018-11-24 15:52:18'),(349,0,'GET','/productos?page=1&perPage=15','::ffff:192.168.1.107','Mozilla/5.0 (Windows NT 10.0; Win64; x64) AppleWebKit/537.36 (KHTML, like Gecko) Chrome/70.0.3538.110 Safari/537.36','2018-11-24 15:52:20'),(350,0,'GET','/productos?page=1&perPage=10','::ffff:192.168.1.107','Mozilla/5.0 (Windows NT 10.0; Win64; x64) AppleWebKit/537.36 (KHTML, like Gecko) Chrome/70.0.3538.110 Safari/537.36','2018-11-24 15:52:24'),(351,0,'GET','/productos?page=1&perPage=5','::ffff:127.0.0.1','okhttp/3.11.0','2018-11-24 15:52:42'),(352,0,'GET','/productos?page=1&perPage=5','::ffff:127.0.0.1','okhttp/3.11.0','2018-11-24 15:52:46'),(353,0,'GET','/productos?page=1&perPage=5','::ffff:127.0.0.1','okhttp/3.11.0','2018-11-24 15:53:47'),(354,0,'POST','/productos','::ffff:192.168.1.107','Mozilla/5.0 (Windows NT 10.0; Win64; x64) AppleWebKit/537.36 (KHTML, like Gecko) Chrome/70.0.3538.110 Safari/537.36','2018-11-24 15:56:35'),(355,0,'GET','/productos?page=1&perPage=10','::ffff:192.168.1.107','Mozilla/5.0 (Windows NT 10.0; Win64; x64) AppleWebKit/537.36 (KHTML, like Gecko) Chrome/70.0.3538.110 Safari/537.36','2018-11-24 15:57:17'),(356,0,'POST','/productos','::ffff:192.168.1.107','Mozilla/5.0 (Windows NT 10.0; Win64; x64) AppleWebKit/537.36 (KHTML, like Gecko) Chrome/70.0.3538.110 Safari/537.36','2018-11-24 15:58:37'),(357,0,'POST','/productos','::ffff:192.168.1.107','Mozilla/5.0 (Windows NT 10.0; Win64; x64) AppleWebKit/537.36 (KHTML, like Gecko) Chrome/70.0.3538.110 Safari/537.36','2018-11-24 16:00:24'),(358,0,'POST','/productos','::ffff:192.168.1.107','Mozilla/5.0 (Windows NT 10.0; Win64; x64) AppleWebKit/537.36 (KHTML, like Gecko) Chrome/70.0.3538.110 Safari/537.36','2018-11-24 16:01:01'),(359,0,'GET','/productos?page=1&perPage=10','::ffff:192.168.1.107','Mozilla/5.0 (Windows NT 10.0; Win64; x64) AppleWebKit/537.36 (KHTML, like Gecko) Chrome/70.0.3538.110 Safari/537.36','2018-11-24 16:01:06'),(360,0,'GET','/productos?page=1&perPage=4','::ffff:127.0.0.1','okhttp/3.11.0','2018-11-24 16:14:50'),(361,0,'GET','/productos?page=1&perPage=4','::ffff:127.0.0.1','okhttp/3.11.0','2018-11-24 16:14:57'),(362,0,'GET','/productos?page=1&perPage=4','::ffff:127.0.0.1','okhttp/3.11.0','2018-11-24 16:14:58'),(363,0,'GET','/productos?page=1&perPage=4','::ffff:127.0.0.1','okhttp/3.11.0','2018-11-24 16:16:06'),(364,0,'GET','/productos?page=1&perPage=4','::ffff:127.0.0.1','okhttp/3.11.0','2018-11-24 16:16:31'),(365,0,'GET','/productos?page=1&perPage=4','::ffff:127.0.0.1','okhttp/3.11.0','2018-11-24 16:16:35'),(366,0,'GET','/productos?page=1&perPage=4','::ffff:127.0.0.1','okhttp/3.11.0','2018-11-24 16:16:58'),(367,0,'GET','/productos?page=1&perPage=4','::ffff:127.0.0.1','okhttp/3.11.0','2018-11-24 16:19:15'),(368,0,'GET','/productos?page=1&perPage=4','::ffff:127.0.0.1','okhttp/3.11.0','2018-11-24 16:19:57'),(369,0,'GET','/productos?page=1&perPage=4','::ffff:127.0.0.1','okhttp/3.11.0','2018-11-24 16:20:28'),(370,0,'GET','/productos?page=2&perPage=4','::ffff:127.0.0.1','okhttp/3.11.0','2018-11-24 16:20:30'),(371,0,'GET','/productos?page=3&perPage=4','::ffff:127.0.0.1','okhttp/3.11.0','2018-11-24 16:20:32'),(372,0,'GET','/productos?page=1&perPage=4','::ffff:127.0.0.1','okhttp/3.11.0','2018-11-24 16:21:50'),(373,0,'POST','/sesion','::ffff:127.0.0.1','okhttp/3.11.0','2018-11-24 16:22:17'),(374,0,'POST','/sesion','::ffff:127.0.0.1','okhttp/3.11.0','2018-11-24 16:22:43'),(375,0,'GET','/productos?page=1&perPage=4','::ffff:127.0.0.1','okhttp/3.11.0','2018-11-24 16:22:45'),(376,0,'GET','/productos?page=2&perPage=4','::ffff:127.0.0.1','okhttp/3.11.0','2018-11-24 16:22:47'),(377,0,'GET','/productos?page=3&perPage=4','::ffff:127.0.0.1','okhttp/3.11.0','2018-11-24 16:22:48'),(378,0,'GET','/productos?page=1&perPage=4','::ffff:127.0.0.1','okhttp/3.11.0','2018-11-24 16:22:59'),(379,0,'GET','/productos?page=2&perPage=4','::ffff:127.0.0.1','okhttp/3.11.0','2018-11-24 16:23:01'),(380,0,'GET','/productos?page=3&perPage=4','::ffff:127.0.0.1','okhttp/3.11.0','2018-11-24 16:23:01'),(381,0,'GET','/productos?page=1&perPage=4','::ffff:127.0.0.1','okhttp/3.11.0','2018-11-24 16:23:56'),(382,0,'GET','/productos?page=2&perPage=4','::ffff:127.0.0.1','okhttp/3.11.0','2018-11-24 16:24:00'),(383,0,'GET','/productos?page=3&perPage=4','::ffff:127.0.0.1','okhttp/3.11.0','2018-11-24 16:24:01'),(384,0,'GET','/productos?page=1&perPage=4','::ffff:127.0.0.1','okhttp/3.11.0','2018-11-24 16:24:24'),(385,0,'GET','/productos?page=2&perPage=4','::ffff:127.0.0.1','okhttp/3.11.0','2018-11-24 16:24:40'),(386,0,'GET','/productos?page=3&perPage=4','::ffff:127.0.0.1','okhttp/3.11.0','2018-11-24 16:24:40'),(387,0,'GET','/productos?page=1&perPage=4','::ffff:127.0.0.1','okhttp/3.11.0','2018-11-24 16:24:48'),(388,0,'GET','/productos?page=2&perPage=4','::ffff:127.0.0.1','okhttp/3.11.0','2018-11-24 16:24:49'),(389,0,'GET','/productos?page=3&perPage=4','::ffff:127.0.0.1','okhttp/3.11.0','2018-11-24 16:24:50'),(390,0,'GET','/productos?page=1&perPage=4','::ffff:127.0.0.1','okhttp/3.11.0','2018-11-24 16:25:13'),(391,0,'GET','/productos?page=2&perPage=4','::ffff:127.0.0.1','okhttp/3.11.0','2018-11-24 16:25:24'),(392,0,'GET','/productos?page=3&perPage=4','::ffff:127.0.0.1','okhttp/3.11.0','2018-11-24 16:25:24'),(393,0,'GET','/productos?page=1&perPage=4','::ffff:127.0.0.1','okhttp/3.11.0','2018-11-24 16:25:31'),(394,0,'GET','/productos?page=1&perPage=4','::ffff:127.0.0.1','okhttp/3.11.0','2018-11-24 16:31:18'),(395,0,'GET','/productos?page=1&perPage=4','::ffff:127.0.0.1','okhttp/3.11.0','2018-11-24 16:31:28'),(396,0,'GET','/productos?page=1&perPage=4','::ffff:127.0.0.1','okhttp/3.11.0','2018-11-24 16:31:54'),(397,0,'GET','/productos?page=2&perPage=4','::ffff:127.0.0.1','okhttp/3.11.0','2018-11-24 16:31:57'),(398,0,'GET','/productos?page=3&perPage=4','::ffff:127.0.0.1','okhttp/3.11.0','2018-11-24 16:31:58'),(399,0,'GET','/productos?page=1&perPage=4','::ffff:127.0.0.1','okhttp/3.11.0','2018-11-24 16:32:18'),(400,0,'GET','/productos?page=2&perPage=4','::ffff:127.0.0.1','okhttp/3.11.0','2018-11-24 16:32:23'),(401,0,'GET','/productos?page=3&perPage=4','::ffff:127.0.0.1','okhttp/3.11.0','2018-11-24 16:32:24'),(402,0,'GET','/productos?page=1&perPage=4','::ffff:127.0.0.1','okhttp/3.11.0','2018-11-24 16:32:32'),(403,0,'GET','/productos?page=2&perPage=4','::ffff:127.0.0.1','okhttp/3.11.0','2018-11-24 16:32:34'),(404,0,'GET','/productos?page=3&perPage=4','::ffff:127.0.0.1','okhttp/3.11.0','2018-11-24 16:32:34'),(405,0,'GET','/productos?page=1&perPage=4','::ffff:127.0.0.1','okhttp/3.11.0','2018-11-24 16:32:45'),(406,0,'GET','/productos?page=1&perPage=4','::ffff:127.0.0.1','okhttp/3.11.0','2018-11-24 16:32:45'),(407,0,'GET','/productos?page=1&perPage=4','::ffff:127.0.0.1','okhttp/3.11.0','2018-11-24 16:55:44'),(408,0,'GET','/productos?page=2&perPage=4','::ffff:127.0.0.1','okhttp/3.11.0','2018-11-24 16:55:49'),(409,0,'GET','/productos?page=3&perPage=4','::ffff:127.0.0.1','okhttp/3.11.0','2018-11-24 16:55:57'),(410,0,'GET','/productos?page=1&perPage=4','::ffff:127.0.0.1','okhttp/3.11.0','2018-11-24 17:38:27'),(411,0,'GET','/productos?page=1&perPage=4','::ffff:127.0.0.1','okhttp/3.11.0','2018-11-24 17:38:58'),(412,0,'GET','/productos?page=1&perPage=4','::ffff:127.0.0.1','okhttp/3.11.0','2018-11-24 17:39:57'),(413,0,'GET','/productos?page=1&perPage=4','::ffff:127.0.0.1','okhttp/3.11.0','2018-11-24 17:40:12'),(414,0,'GET','/productos?page=2&perPage=4','::ffff:127.0.0.1','okhttp/3.11.0','2018-11-24 17:40:26'),(415,0,'GET','/productos?page=3&perPage=4','::ffff:127.0.0.1','okhttp/3.11.0','2018-11-24 17:40:26'),(416,0,'GET','/productos?page=1&perPage=4','::ffff:127.0.0.1','okhttp/3.11.0','2018-11-24 17:40:27'),(417,0,'GET','/productos?page=2&perPage=4','::ffff:127.0.0.1','okhttp/3.11.0','2018-11-24 17:41:09'),(418,0,'GET','/productos?page=3&perPage=4','::ffff:127.0.0.1','okhttp/3.11.0','2018-11-24 17:41:10'),(419,0,'GET','/productos?page=1&perPage=4','::ffff:127.0.0.1','okhttp/3.11.0','2018-11-24 17:41:28'),(420,0,'GET','/productos?page=2&perPage=4','::ffff:127.0.0.1','okhttp/3.11.0','2018-11-24 17:41:28'),(421,0,'GET','/productos?page=3&perPage=4','::ffff:127.0.0.1','okhttp/3.11.0','2018-11-24 17:41:28'),(422,0,'GET','/productos?page=1&perPage=4','::ffff:127.0.0.1','okhttp/3.11.0','2018-11-24 17:41:54'),(423,0,'GET','/productos?page=2&perPage=4','::ffff:127.0.0.1','okhttp/3.11.0','2018-11-24 17:42:19'),(424,0,'GET','/productos?page=3&perPage=4','::ffff:127.0.0.1','okhttp/3.11.0','2018-11-24 17:42:19'),(425,0,'GET','/productos?page=3&perPage=4','::ffff:127.0.0.1','okhttp/3.11.0','2018-11-24 17:42:21'),(426,0,'GET','/productos?page=1&perPage=4','::ffff:127.0.0.1','okhttp/3.11.0','2018-11-24 17:42:58'),(427,0,'GET','/productos?page=1&perPage=4','::ffff:127.0.0.1','okhttp/3.11.0','2018-11-24 17:43:10'),(428,0,'GET','/productos?page=1&perPage=4','::ffff:127.0.0.1','okhttp/3.11.0','2018-11-24 17:43:19'),(429,0,'GET','/productos?page=1&perPage=4','::ffff:127.0.0.1','okhttp/3.11.0','2018-11-24 17:43:42'),(430,0,'GET','/productos?page=2&perPage=4','::ffff:127.0.0.1','okhttp/3.11.0','2018-11-24 17:43:43'),(431,0,'GET','/productos?page=3&perPage=4','::ffff:127.0.0.1','okhttp/3.11.0','2018-11-24 17:43:43'),(432,0,'POST','/usuarios','::ffff:192.168.1.102','okhttp/3.11.0','2018-11-24 17:44:44'),(433,0,'POST','/usuarios','::ffff:192.168.1.102','okhttp/3.11.0','2018-11-24 17:46:10'),(434,0,'POST','/usuarios','::ffff:192.168.1.102','okhttp/3.11.0','2018-11-24 17:48:24'),(435,0,'POST','/usuarios','::ffff:192.168.1.69','okhttp/3.11.0','2018-11-24 17:50:56'),(436,0,'GET','/productos?page=1&perPage=4','::ffff:127.0.0.1','okhttp/3.11.0','2018-11-24 17:54:21'),(437,0,'GET','/productos?page=1&perPage=4','::ffff:127.0.0.1','okhttp/3.11.0','2018-11-24 17:54:41'),(438,0,'GET','/productos?page=1&perPage=4','::ffff:127.0.0.1','okhttp/3.11.0','2018-11-24 17:55:03'),(439,0,'GET','/productos?page=1&perPage=4','::ffff:127.0.0.1','okhttp/3.11.0','2018-11-24 17:56:03'),(440,0,'GET','/productos?page=1&perPage=4','::ffff:127.0.0.1','okhttp/3.11.0','2018-11-24 17:56:15'),(441,0,'GET','/productos?page=1&perPage=4','::ffff:127.0.0.1','okhttp/3.11.0','2018-11-24 17:56:25'),(442,0,'POST','/usuarios','::ffff:192.168.1.69','okhttp/3.11.0','2018-11-24 17:56:55'),(443,0,'POST','/sesion','::ffff:192.168.1.69','okhttp/3.11.0','2018-11-24 17:57:28'),(444,0,'GET','/productos?page=1&perPage=4','::ffff:127.0.0.1','okhttp/3.11.0','2018-11-24 18:05:51'),(445,0,'GET','/productos?page=2&perPage=4','::ffff:127.0.0.1','okhttp/3.11.0','2018-11-24 18:05:56'),(446,0,'POST','/usuarios','::ffff:192.168.1.69','okhttp/3.11.0','2018-11-24 18:09:23'),(447,0,'GET','/productos?page=1&perPage=4','::ffff:127.0.0.1','okhttp/3.11.0','2018-11-24 18:18:11'),(448,0,'GET','/productos?page=1&perPage=4','::ffff:127.0.0.1','okhttp/3.11.0','2018-11-24 18:19:14'),(449,0,'GET','/productos?page=1&perPage=4','::ffff:127.0.0.1','okhttp/3.11.0','2018-11-24 18:20:14'),(450,0,'GET','/productos?page=1&perPage=4','::ffff:127.0.0.1','okhttp/3.11.0','2018-11-24 18:21:46'),(451,0,'GET','/productos?page=2&perPage=4','::ffff:127.0.0.1','okhttp/3.11.0','2018-11-24 18:22:02'),(452,0,'GET','/productos?page=1&perPage=4','::ffff:127.0.0.1','okhttp/3.11.0','2018-11-24 18:24:21'),(453,0,'GET','/productos?page=1&perPage=4','::ffff:127.0.0.1','okhttp/3.11.0','2018-11-24 18:25:03'),(454,0,'GET','/productos?page=1&perPage=4','::ffff:127.0.0.1','okhttp/3.11.0','2018-11-24 18:27:29'),(455,0,'GET','/productos?page=1&perPage=4','::ffff:127.0.0.1','okhttp/3.11.0','2018-11-24 18:28:00'),(456,0,'GET','/productos?page=1&perPage=4','::ffff:127.0.0.1','okhttp/3.11.0','2018-11-24 18:31:47'),(457,0,'GET','/productos?page=1&perPage=4','::ffff:127.0.0.1','okhttp/3.11.0','2018-11-24 18:33:54'),(458,0,'GET','/productos?page=2&perPage=4','::ffff:127.0.0.1','okhttp/3.11.0','2018-11-24 18:34:43'),(459,0,'GET','/productos?page=3&perPage=4','::ffff:127.0.0.1','okhttp/3.11.0','2018-11-24 18:34:44'),(460,0,'POST','/usuarios','::ffff:192.168.1.102','okhttp/3.11.0','2018-11-24 18:35:18'),(461,0,'GET','/productos?page=1&perPage=4','::ffff:127.0.0.1','okhttp/3.11.0','2018-11-24 18:39:41'),(462,0,'GET','/productos?page=1&perPage=4','::ffff:127.0.0.1','okhttp/3.11.0','2018-11-24 18:39:42'),(463,0,'GET','/productos?page=2&perPage=4','::ffff:127.0.0.1','okhttp/3.11.0','2018-11-24 18:39:43'),(464,0,'GET','/productos?page=3&perPage=4','::ffff:127.0.0.1','okhttp/3.11.0','2018-11-24 18:39:43'),(465,0,'POST','/sesion','::ffff:192.168.1.98','okhttp/3.11.0','2018-11-24 18:47:00'),(466,0,'GET','/productos?page=1&perPage=4','::ffff:192.168.1.98','okhttp/3.11.0','2018-11-24 18:47:02'),(467,0,'GET','/productos?page=2&perPage=4','::ffff:192.168.1.98','okhttp/3.11.0','2018-11-24 18:47:04'),(468,0,'GET','/productos?page=3&perPage=4','::ffff:192.168.1.98','okhttp/3.11.0','2018-11-24 18:47:04'),(469,0,'GET','/productos?page=1&perPage=4','::ffff:192.168.1.97','okhttp/3.11.0','2018-11-24 18:50:59'),(470,0,'GET','/productos?page=1&perPage=4','::ffff:192.168.1.97','okhttp/3.11.0','2018-11-24 18:56:54'),(471,0,'GET','/productos?page=1&perPage=4','::ffff:192.168.1.97','okhttp/3.11.0','2018-11-24 18:57:18'),(472,0,'GET','/productos?page=1&perPage=4','::ffff:192.168.1.97','okhttp/3.11.0','2018-11-24 18:57:50'),(473,0,'GET','/productos?page=1&perPage=4','::ffff:192.168.1.97','okhttp/3.11.0','2018-11-24 18:59:47'),(474,0,'GET','/productos?page=1&perPage=4','::ffff:192.168.1.97','okhttp/3.11.0','2018-11-24 19:00:37'),(475,0,'GET','/productos?page=1&perPage=4','::ffff:192.168.1.97','okhttp/3.11.0','2018-11-24 19:00:51'),(476,0,'GET','/productos?page=1&perPage=4','::ffff:192.168.1.97','okhttp/3.11.0','2018-11-24 19:01:11'),(477,0,'GET','/productos?page=2&perPage=4','::ffff:192.168.1.97','okhttp/3.11.0','2018-11-24 19:03:46'),(478,0,'GET','/productos?page=1&perPage=4','::ffff:192.168.1.97','okhttp/3.11.0','2018-11-24 19:03:48'),(479,0,'GET','/productos?page=1&perPage=4','::ffff:192.168.1.97','okhttp/3.11.0','2018-11-24 19:05:59'),(480,0,'GET','/productos?page=2&perPage=4','::ffff:192.168.1.97','okhttp/3.11.0','2018-11-24 19:07:28'),(481,0,'GET','/productos?page=1&perPage=4','::ffff:192.168.1.97','okhttp/3.11.0','2018-11-24 19:23:29'),(482,0,'GET','/productos?page=1&perPage=4','::ffff:192.168.1.97','okhttp/3.11.0','2018-11-24 19:25:06'),(483,0,'GET','/productos?page=1&perPage=4','::ffff:192.168.1.97','okhttp/3.11.0','2018-11-24 19:26:55'),(484,0,'GET','/productos?page=1&perPage=4','::ffff:192.168.1.97','okhttp/3.11.0','2018-11-24 19:27:14'),(485,0,'GET','/productos?page=1&perPage=4','::ffff:192.168.1.97','okhttp/3.11.0','2018-11-24 19:27:31'),(486,0,'GET','/productos?page=2&perPage=4','::ffff:192.168.1.97','okhttp/3.11.0','2018-11-24 19:27:44'),(487,0,'GET','/productos?page=3&perPage=4','::ffff:192.168.1.97','okhttp/3.11.0','2018-11-24 19:27:44'),(488,0,'POST','/usuarios','::ffff:192.168.1.102','okhttp/3.11.0','2018-11-24 19:28:30'),(489,0,'POST','/sesion','::ffff:192.168.1.98','okhttp/3.11.0','2018-11-24 19:29:13'),(490,0,'GET','/productos?page=1&perPage=4','::ffff:192.168.1.98','okhttp/3.11.0','2018-11-24 19:29:16'),(491,0,'GET','/productos?page=2&perPage=4','::ffff:192.168.1.98','okhttp/3.11.0','2018-11-24 19:29:34'),(492,0,'GET','/productos?page=1&perPage=4','::ffff:192.168.1.98','okhttp/3.11.0','2018-11-24 19:30:16'),(493,0,'GET','/productos?page=2&perPage=4','::ffff:192.168.1.98','okhttp/3.11.0','2018-11-24 19:30:43'),(494,0,'GET','/productos?page=1&perPage=4','::ffff:192.168.1.97','okhttp/3.11.0','2018-11-24 19:33:35'),(495,0,'GET','/productos?page=2&perPage=4','::ffff:192.168.1.97','okhttp/3.11.0','2018-11-24 19:33:44'),(496,0,'GET','/productos?page=3&perPage=4','::ffff:192.168.1.97','okhttp/3.11.0','2018-11-24 19:33:45'),(497,0,'GET','/productos?page=3&perPage=4','::ffff:192.168.1.98','okhttp/3.11.0','2018-11-24 19:33:50'),(498,0,'GET','/productos?page=1&perPage=4','::ffff:192.168.1.98','okhttp/3.11.0','2018-11-24 19:34:08'),(499,0,'GET','/productos?page=2&perPage=4','::ffff:192.168.1.98','okhttp/3.11.0','2018-11-24 19:34:09'),(500,0,'GET','/productos?page=3&perPage=4','::ffff:192.168.1.98','okhttp/3.11.0','2018-11-24 19:34:10'),(501,0,'GET','/productos?page=1&perPage=4','::ffff:192.168.1.97','okhttp/3.11.0','2018-11-24 19:35:29'),(502,0,'GET','/productos?page=2&perPage=4','::ffff:192.168.1.97','okhttp/3.11.0','2018-11-24 19:35:33'),(503,0,'GET','/productos?page=3&perPage=4','::ffff:192.168.1.97','okhttp/3.11.0','2018-11-24 19:35:33'),(504,0,'GET','/productos?page=1&perPage=4','::ffff:192.168.1.97','okhttp/3.11.0','2018-11-24 19:35:58'),(505,0,'GET','/productos?page=1&perPage=4','::ffff:192.168.1.97','okhttp/3.11.0','2018-11-24 19:36:03'),(506,0,'GET','/productos?page=1&perPage=4','::ffff:192.168.1.98','okhttp/3.11.0','2018-11-24 19:37:44'),(507,0,'GET','/productos?page=1&perPage=4','::ffff:192.168.1.98','okhttp/3.11.0','2018-11-24 19:38:05'),(508,0,'GET','/productos?page=1&perPage=4','::ffff:192.168.1.98','okhttp/3.11.0','2018-11-24 19:38:26'),(509,0,'GET','/productos?page=1&perPage=4','::ffff:192.168.1.98','okhttp/3.11.0','2018-11-24 19:38:59'),(510,0,'GET','/productos?page=2&perPage=4','::ffff:192.168.1.98','okhttp/3.11.0','2018-11-24 19:39:03'),(511,0,'GET','/productos?page=3&perPage=4','::ffff:192.168.1.98','okhttp/3.11.0','2018-11-24 19:39:04'),(512,0,'GET','/productos?page=1&perPage=4','::ffff:192.168.1.98','okhttp/3.11.0','2018-11-24 19:40:36'),(513,0,'GET','/productos?page=1&perPage=4','::ffff:192.168.1.97','okhttp/3.11.0','2018-11-24 19:40:36'),(514,0,'GET','/productos?page=1&perPage=4','::ffff:192.168.1.97','okhttp/3.11.0','2018-11-24 19:41:10'),(515,0,'GET','/productos?page=1&perPage=4','::ffff:192.168.1.98','okhttp/3.11.0','2018-11-24 19:41:14'),(516,0,'GET','/productos?page=1&perPage=4','::ffff:192.168.1.98','okhttp/3.11.0','2018-11-24 19:41:46'),(517,0,'GET','/productos?page=1&perPage=4','::ffff:192.168.1.97','okhttp/3.11.0','2018-11-24 19:41:55'),(518,0,'GET','/productos?page=1&perPage=4','::ffff:192.168.1.97','okhttp/3.11.0','2018-11-24 19:42:08'),(519,0,'GET','/productos?page=1&perPage=4','::ffff:192.168.1.98','okhttp/3.11.0','2018-11-24 19:42:12'),(520,0,'GET','/productos?page=1&perPage=4','::ffff:192.168.1.97','okhttp/3.11.0','2018-11-24 19:42:21'),(521,0,'GET','/productos?page=1&perPage=4','::ffff:192.168.1.97','okhttp/3.11.0','2018-11-24 19:42:29'),(522,0,'GET','/productos?page=1&perPage=4','::ffff:192.168.1.97','okhttp/3.11.0','2018-11-24 19:42:59'),(523,0,'GET','/productos?page=1&perPage=4','::ffff:192.168.1.97','okhttp/3.11.0','2018-11-24 19:43:26'),(524,0,'GET','/productos?page=1&perPage=4','::ffff:192.168.1.97','okhttp/3.11.0','2018-11-24 19:43:40'),(525,0,'GET','/productos?page=1&perPage=4','::ffff:192.168.1.97','okhttp/3.11.0','2018-11-24 19:44:35'),(526,0,'GET','/productos?page=1&perPage=4','::ffff:192.168.1.97','okhttp/3.11.0','2018-11-24 19:45:16'),(527,0,'GET','/productos?page=1&perPage=4','::ffff:192.168.1.98','okhttp/3.11.0','2018-11-24 19:45:18'),(528,0,'GET','/productos?page=1&perPage=4','::ffff:192.168.1.97','okhttp/3.11.0','2018-11-24 19:45:29'),(529,0,'GET','/productos?page=1&perPage=4','::ffff:192.168.1.97','okhttp/3.11.0','2018-11-24 19:45:40'),(530,0,'GET','/productos?page=1&perPage=4','::ffff:192.168.1.98','okhttp/3.11.0','2018-11-24 19:45:47'),(531,0,'GET','/productos?page=1&perPage=4','::ffff:192.168.1.97','okhttp/3.11.0','2018-11-24 19:46:14'),(532,0,'GET','/productos?page=1&perPage=4','::ffff:192.168.1.97','okhttp/3.11.0','2018-11-24 19:46:24'),(533,0,'GET','/productos?page=1&perPage=4','::ffff:192.168.1.97','okhttp/3.11.0','2018-11-24 19:46:35'),(534,0,'GET','/productos?page=1&perPage=4','::ffff:192.168.1.97','okhttp/3.11.0','2018-11-24 19:47:10'),(535,0,'GET','/productos?page=1&perPage=4','::ffff:192.168.1.97','okhttp/3.11.0','2018-11-24 19:47:27'),(536,0,'GET','/productos?page=1&perPage=4','::ffff:192.168.1.98','okhttp/3.11.0','2018-11-24 19:47:52'),(537,0,'GET','/productos?page=2&perPage=4','::ffff:192.168.1.98','okhttp/3.11.0','2018-11-24 19:48:15'),(538,0,'GET','/productos?page=3&perPage=4','::ffff:192.168.1.98','okhttp/3.11.0','2018-11-24 19:48:16'),(539,0,'GET','/productos?page=1&perPage=4','::ffff:192.168.1.97','okhttp/3.11.0','2018-11-24 19:48:50'),(540,0,'GET','/productos?page=2&perPage=4','::ffff:192.168.1.97','okhttp/3.11.0','2018-11-24 19:48:51'),(541,0,'GET','/productos?page=3&perPage=4','::ffff:192.168.1.97','okhttp/3.11.0','2018-11-24 19:48:51'),(542,0,'GET','/productos?page=1&perPage=4','::ffff:192.168.1.97','okhttp/3.11.0','2018-11-24 19:48:56'),(543,0,'GET','/productos?page=1&perPage=4','::ffff:192.168.1.97','okhttp/3.11.0','2018-11-24 19:51:13'),(544,0,'GET','/productos?page=1&perPage=4','::ffff:192.168.1.97','okhttp/3.11.0','2018-11-24 19:52:34'),(545,0,'POST','/usuarios','::ffff:192.168.1.98','okhttp/3.11.0','2018-11-24 20:08:22'),(546,0,'POST','/usuarios','::ffff:192.168.1.98','okhttp/3.11.0','2018-11-24 20:08:22'),(547,0,'POST','/usuarios','::ffff:192.168.1.98','okhttp/3.11.0','2018-11-24 20:08:26'),(548,0,'POST','/usuarios','::ffff:192.168.1.98','okhttp/3.11.0','2018-11-24 20:08:36'),(549,0,'POST','/usuarios','::ffff:192.168.1.98','okhttp/3.11.0','2018-11-24 20:08:52'),(550,0,'POST','/usuarios','::ffff:192.168.1.98','okhttp/3.11.0','2018-11-24 20:09:04'),(551,0,'GET','/productos?page=1&perPage=4','::ffff:192.168.1.97','okhttp/3.11.0','2018-11-24 20:24:24'),(552,0,'POST','/sesion','::ffff:192.168.1.97','okhttp/3.11.0','2018-11-24 20:24:52'),(553,0,'GET','/productos?page=1&perPage=4','::ffff:192.168.1.97','okhttp/3.11.0','2018-11-24 20:24:55'),(554,0,'POST','/sesion','::1','PostmanRuntime/7.3.0','2018-11-25 13:05:10'),(555,0,'POST','/clientes','::1','PostmanRuntime/7.3.0','2018-11-25 13:34:29'),(556,0,'PUT','/clientes/2/domicilio','::1','PostmanRuntime/7.3.0','2018-11-25 14:21:34'),(557,0,'PUT','/clientes/2/domicilio','::1','PostmanRuntime/7.3.0','2018-11-25 14:24:19'),(558,0,'PUT','/clientes/2/domicilio','::1','PostmanRuntime/7.3.0','2018-11-25 14:24:58'),(559,0,'PUT','/clientes/2/domicilio','::1','PostmanRuntime/7.3.0','2018-11-25 15:24:08'),(560,0,'PUT','/clientes/2/domicilio','::1','PostmanRuntime/7.3.0','2018-11-25 15:25:21'),(561,0,'PUT','/clientes/2/domicilio','::1','PostmanRuntime/7.3.0','2018-11-25 15:27:15');
/*!40000 ALTER TABLE `bitacora` ENABLE KEYS */;
UNLOCK TABLES;

--
-- Table structure for table `cliente_domicilio`
--

DROP TABLE IF EXISTS `cliente_domicilio`;
/*!40101 SET @saved_cs_client     = @@character_set_client */;
/*!40101 SET character_set_client = utf8 */;
CREATE TABLE `cliente_domicilio` (
  `idCliente` int(11) NOT NULL,
  `estado` varchar(20) NOT NULL,
  `municipio` varchar(50) NOT NULL,
  `cp` char(5) NOT NULL,
  `colonia` varchar(30) NOT NULL,
  `calle` varchar(30) NOT NULL,
  `noExterno` varchar(10) NOT NULL,
  `noInterno` varchar(5) DEFAULT NULL,
  `referencia` varchar(50) DEFAULT NULL,
  `createdAt` datetime NOT NULL DEFAULT CURRENT_TIMESTAMP,
  `updatedAt` datetime NOT NULL DEFAULT CURRENT_TIMESTAMP ON UPDATE CURRENT_TIMESTAMP,
  `deletedAt` datetime DEFAULT NULL,
  KEY `cliente_domicilio_clientes_id_fk` (`idCliente`),
  CONSTRAINT `cliente_domicilio_clientes_id_fk` FOREIGN KEY (`idCliente`) REFERENCES `clientes` (`id`)
) ENGINE=InnoDB DEFAULT CHARSET=latin1;
/*!40101 SET character_set_client = @saved_cs_client */;

--
-- Dumping data for table `cliente_domicilio`
--

LOCK TABLES `cliente_domicilio` WRITE;
/*!40000 ALTER TABLE `cliente_domicilio` DISABLE KEYS */;
INSERT INTO `cliente_domicilio` VALUES (2,'Colima','Colima','28000','Centro','guerrero','76','','al lado del oxxo','2018-11-24 11:18:44','2018-11-25 15:25:21',NULL),(3,'Colima','Colima','28000','Centro','Zaragoza','202','','esta al lado de un kiosko','2018-11-24 11:24:25','2018-11-24 11:24:25',NULL),(4,'Colima','Colima','28000','Centro','revolucin','303','','referencion','2018-11-24 13:21:59','2018-11-24 13:21:59',NULL);
/*!40000 ALTER TABLE `cliente_domicilio` ENABLE KEYS */;
UNLOCK TABLES;

--
-- Table structure for table `clientes`
--

DROP TABLE IF EXISTS `clientes`;
/*!40101 SET @saved_cs_client     = @@character_set_client */;
/*!40101 SET character_set_client = utf8 */;
CREATE TABLE `clientes` (
  `id` int(11) NOT NULL AUTO_INCREMENT,
  `idUsuario` int(11) NOT NULL,
  `nombre` varchar(50) NOT NULL,
  `apPaterno` varchar(30) NOT NULL,
  `apMaterno` varchar(30) NOT NULL,
  `telefono` varchar(15) NOT NULL,
  `correo` varchar(60) NOT NULL,
  `createdAt` datetime NOT NULL DEFAULT CURRENT_TIMESTAMP,
  `updatedAt` datetime NOT NULL DEFAULT CURRENT_TIMESTAMP ON UPDATE CURRENT_TIMESTAMP,
  `deletedAt` datetime DEFAULT NULL,
  PRIMARY KEY (`id`),
  KEY `clientes_usuarios_id_fk` (`idUsuario`),
  CONSTRAINT `clientes_usuarios_id_fk` FOREIGN KEY (`idUsuario`) REFERENCES `usuarios` (`id`)
) ENGINE=InnoDB AUTO_INCREMENT=5 DEFAULT CHARSET=latin1;
/*!40101 SET character_set_client = @saved_cs_client */;

--
-- Dumping data for table `clientes`
--

LOCK TABLES `clientes` WRITE;
/*!40000 ALTER TABLE `clientes` DISABLE KEYS */;
INSERT INTO `clientes` VALUES (1,60,'karina','Ferras','Gutierrez','','','2018-11-24 11:08:21','2018-11-24 11:34:39',NULL),(2,60,'rafael','dueas','ortega','','','2018-11-24 11:18:44','2018-11-24 12:21:41',NULL),(3,60,'Felipe','Ferras','Gutierrez','','','2018-11-24 11:24:25','2018-11-24 11:44:22','2018-11-24 11:44:22'),(4,61,'manuel','moreno','romero','','','2018-11-24 13:21:58','2018-11-24 13:21:58',NULL);
/*!40000 ALTER TABLE `clientes` ENABLE KEYS */;
UNLOCK TABLES;

--
-- Table structure for table `productos`
--

DROP TABLE IF EXISTS `productos`;
/*!40101 SET @saved_cs_client     = @@character_set_client */;
/*!40101 SET character_set_client = utf8 */;
CREATE TABLE `productos` (
  `id` int(11) NOT NULL AUTO_INCREMENT,
  `idUsuario` int(11) NOT NULL,
  `nombre` varchar(50) NOT NULL,
  `descripcion` text NOT NULL,
  `precio` double(12,2) NOT NULL,
  `imagen` char(36) DEFAULT NULL,
  `updatedAt` datetime NOT NULL DEFAULT CURRENT_TIMESTAMP,
  `createdAt` datetime NOT NULL DEFAULT CURRENT_TIMESTAMP ON UPDATE CURRENT_TIMESTAMP,
  `deletedAt` datetime DEFAULT NULL,
  PRIMARY KEY (`id`),
  KEY `productos_usuarios_id_fk` (`idUsuario`),
  CONSTRAINT `productos_usuarios_id_fk` FOREIGN KEY (`idUsuario`) REFERENCES `usuarios` (`id`)
) ENGINE=InnoDB AUTO_INCREMENT=13 DEFAULT CHARSET=latin1;
/*!40101 SET character_set_client = @saved_cs_client */;

--
-- Dumping data for table `productos`
--

LOCK TABLES `productos` WRITE;
/*!40000 ALTER TABLE `productos` DISABLE KEYS */;
INSERT INTO `productos` VALUES (1,60,'Xiaomi Redmi Note 5','Nuevo Integrante de la familia Redmi Note, con un procesador Snapdragon 636, 4gb de ram y 64gb de almacenamiento',4700.00,'00000000-0000-0000-0000-000000000000','2018-11-24 12:46:13','2018-11-24 12:48:54','2018-11-24 12:48:54'),(2,60,'Xiaomi Redmi Note 5','Nuevo Integrante de la familia Redmi Note, con un procesador Snapdragon 636, 4gb de ram y 64gb de almacenamiento',4700.00,'00000000-0000-0000-0000-000000000000','2018-11-24 12:49:28','2018-11-24 12:49:28',NULL),(3,61,'Xiaomi Redmi Note 5','Nuevo Integrante de la familia Redmi Note, con un procesador Snapdragon 636, 4gb de ram y 64gb de almacenamiento',4700.00,'00000000-0000-0000-0000-000000000000','2018-11-24 13:31:20','2018-11-24 13:31:20',NULL),(4,60,'Xiaomi Redmi 4x','Nuevo Integrante de la familia Redmi, con un procesador Snapdragon 435, 3gb de ram y 32gb de almacenamiento',3500.00,'00000000-0000-0000-0000-000000000000','2018-11-24 15:42:41','2018-11-24 15:42:41',NULL),(5,60,'Huawei Nova 3','Nuevo Integrante de la familia Nova, con potente procesador Kirin 957, 4gb de ram y 128gb de almacenamiento',10500.00,'00000000-0000-0000-0000-000000000000','2018-11-24 15:46:10','2018-11-24 15:46:10',NULL),(6,60,'Huawei Mate Pro 20','Nuevo Integrante de la familia Mate, con potente procesador Kirin 957, 6gb de ram, 128gb de almacenamiento e inigualable camara con triple lente leica',18500.00,'00000000-0000-0000-0000-000000000000','2018-11-24 15:47:56','2018-11-24 15:47:56',NULL),(7,60,'Iphone Xs Max','Nuevo Integrante de la familia Iphone, con potente procesador A12 Bionic, camara doble mejorada, 4gb de ram, 64gb de almacenamiento y True Retina Display',27999.00,'00000000-0000-0000-0000-000000000000','2018-11-24 15:51:32','2018-11-24 15:51:32',NULL),(8,60,'Iphone Xr','Nuevo Integrante de la familia Iphone, con potente procesador A12 Bionic, camara de gran focal, 3gb de ram, 64gb de almacenamiento y Liquid Retina Display',18499.00,'00000000-0000-0000-0000-000000000000','2018-11-24 15:52:16','2018-11-24 15:52:16',NULL),(9,60,'Pocofone F1','Nuevo y Primer Integrante de la familia Poco, con potente procesador Snapdragon 845, camara dual de 20mpx, 6gb de ram y 128gb de almacenamiento',7299.00,'00000000-0000-0000-0000-000000000000','2018-11-24 15:56:36','2018-11-24 15:56:36',NULL),(10,60,'Samsung Note 9','Nuevo Integrante de la familia Note, con potente procesador Snapdragon 845, camara dual de 16mpx, 6gb de ram y 64gb de almacenamiento',22499.00,'00000000-0000-0000-0000-000000000000','2018-11-24 15:58:37','2018-11-24 15:58:37',NULL),(11,60,'Nokia 5','Nuevo Integrante de la familia Nokia con Android, con procesador Snapdragon 435, 3gb de ram y 16gb de almacenamiento',4499.00,'00000000-0000-0000-0000-000000000000','2018-11-24 16:00:24','2018-11-24 16:00:24',NULL),(12,60,'Nokia 6','Nuevo Integrante de la familia Nokia con Android, con procesador Snapdragon 435, 4gb de ram y 32gb de almacenamiento',5999.00,'00000000-0000-0000-0000-000000000000','2018-11-24 16:01:01','2018-11-24 16:01:01',NULL);
/*!40000 ALTER TABLE `productos` ENABLE KEYS */;
UNLOCK TABLES;

--
-- Table structure for table `sesiones`
--

DROP TABLE IF EXISTS `sesiones`;
/*!40101 SET @saved_cs_client     = @@character_set_client */;
/*!40101 SET character_set_client = utf8 */;
CREATE TABLE `sesiones` (
  `token` varchar(1024) NOT NULL,
  `idUsuario` int(11) NOT NULL,
  `fechaInicio` datetime NOT NULL DEFAULT CURRENT_TIMESTAMP,
  `fechaCierre` datetime DEFAULT NULL,
  UNIQUE KEY `sesion_pk` (`token`),
  KEY `sesion_usuarios_id_fk` (`idUsuario`),
  CONSTRAINT `sesion_usuarios_id_fk` FOREIGN KEY (`idUsuario`) REFERENCES `usuarios` (`id`)
) ENGINE=InnoDB DEFAULT CHARSET=latin1;
/*!40101 SET character_set_client = @saved_cs_client */;

--
-- Dumping data for table `sesiones`
--

LOCK TABLES `sesiones` WRITE;
/*!40000 ALTER TABLE `sesiones` DISABLE KEYS */;
INSERT INTO `sesiones` VALUES ('03a197b5-3337-47fa-b8ea-f2838e705b4c',60,'2018-11-24 19:29:13',NULL),('0d6b767e-275d-4fb8-a72c-2056b162d9db',60,'2018-11-24 12:34:41',NULL),('10e58bc2-0296-4d74-a088-05063aca70c0',60,'2018-11-11 23:09:31',NULL),('162d6010-3add-46ed-8ae8-3523ca05ee32',60,'2018-11-11 22:55:20',NULL),('2282da9d-1847-4174-925f-d3a2428f81ad',60,'2018-11-11 22:10:09',NULL),('262b1ea8-018a-4d3e-bbc1-8423af785108',60,'2018-11-11 22:24:21',NULL),('26f5f682-e684-4690-974b-8095bd060de9',60,'2018-11-12 09:37:28',NULL),('3da5da03-c7f0-4cb4-ad3f-220733380225',61,'2018-11-24 12:54:58','2018-11-24 12:56:08'),('4296e745-2280-4c7f-bb9f-0e8b1a657f54',60,'2018-11-11 23:29:44',NULL),('47c39da8-6787-44aa-a2a5-323039e09e1d',60,'2018-11-12 11:28:02',NULL),('4ab99e95-1222-415e-ba79-ffcf2352d94b',60,'2018-11-24 11:01:39',NULL),('59c262b6-ea4b-4b79-91f0-c1ed941e2654',60,'2018-11-11 23:16:54',NULL),('6063dfd1-968b-4258-9a93-459fef7f8c78',60,'2018-11-24 20:24:52',NULL),('62185083-f7f2-4daf-b141-e25a63732aca',60,'2018-11-11 23:12:30',NULL),('63b8d4ca-6046-4dbd-9d40-bb87400bef8d',60,'2018-11-24 18:47:00',NULL),('71452120-adab-4ba6-90c8-692659b4fcd6',60,'2018-11-12 11:26:28',NULL),('7887f785-3f99-40ab-b4cb-3ebfcae61e9f',61,'2018-11-24 12:58:46','2018-11-24 15:39:34'),('7def23dd-fcf0-4ad4-8fc0-a827e8c649e9',60,'2018-11-12 11:00:35',NULL),('81ea5e2b-d00f-4388-baeb-be57fbe55442',59,'2018-10-25 09:21:23','2018-10-25 09:21:24'),('885ca3f5-5e6d-4b42-a811-9fb0e259cce3',60,'2018-11-24 12:16:34',NULL),('895c2286-5ecc-492e-811d-142eeb3b3265',60,'2018-11-24 10:56:52',NULL),('94b555d8-ae29-4a55-aa43-9e8003677339',60,'2018-11-24 15:40:36',NULL),('a1bc0779-b4b8-42ad-89cc-9b912bf0f54d',60,'2018-11-11 23:09:39',NULL),('a245b28f-32bf-4a02-bb2f-03a022afab1c',60,'2018-11-11 23:02:14',NULL),('b278bc07-742c-48c8-be60-c5878c42b5c7',60,'2018-11-11 23:11:14',NULL),('b3d9535c-a4fb-4911-9324-fd828ea357c8',60,'2018-11-24 16:22:43',NULL),('b3f2d133-0518-4dcb-9263-3e9cb5ac7647',62,'2018-11-24 17:57:29',NULL),('b6ab58df-3f68-4eb8-a8ee-be6a6560a54f',60,'2018-11-11 23:38:16',NULL),('c046c37f-b49f-496e-b591-5527bcaf4651',60,'2018-11-11 23:10:40',NULL),('c94cc95c-76b1-4e59-a175-e0e22aa6f8d3',60,'2018-11-25 13:05:11',NULL),('ca4d61b1-937b-419a-afd4-b8a64db3b153',60,'2018-11-11 23:22:35',NULL),('cbf7244d-4761-4355-b932-7605f0335756',60,'2018-11-24 12:07:41',NULL),('cceef85d-be8f-4671-b249-d9dce0336fa6',60,'2018-11-12 09:41:05',NULL),('d5f6bbc0-f4c9-4da6-8573-426bc99e1c9d',60,'2018-11-23 14:11:06',NULL),('d78589c1-f49f-4bc5-b68e-3eb611af1c3d',61,'2018-11-24 12:56:18',NULL),('e803b046-c9fa-4e0b-9d39-cc8e807ee0da',60,'2018-11-12 09:23:48',NULL),('f1091fc8-5eb8-4289-9c02-28a763ffa922',60,'2018-11-24 11:26:57',NULL),('fc5bff2f-908d-4bc3-ada9-7a0d9d94c12b',60,'2018-11-11 22:33:55',NULL),('ff19b6f0-ca5f-42db-bd39-f44097e12854',60,'2018-11-11 23:11:58',NULL);
/*!40000 ALTER TABLE `sesiones` ENABLE KEYS */;
UNLOCK TABLES;

--
-- Table structure for table `usuarios`
--

DROP TABLE IF EXISTS `usuarios`;
/*!40101 SET @saved_cs_client     = @@character_set_client */;
/*!40101 SET character_set_client = utf8 */;
CREATE TABLE `usuarios` (
  `id` int(11) NOT NULL AUTO_INCREMENT,
  `correo` varchar(50) NOT NULL,
  `nombre` varchar(50) NOT NULL,
  `apPaterno` varchar(30) NOT NULL,
  `apMaterno` varchar(30) DEFAULT NULL,
  `contrasena` varchar(64) NOT NULL,
  `sal` varchar(32) NOT NULL,
  `createdAt` datetime NOT NULL DEFAULT CURRENT_TIMESTAMP,
  `modifiedAt` datetime NOT NULL DEFAULT CURRENT_TIMESTAMP,
  `deletedAt` datetime DEFAULT NULL,
  PRIMARY KEY (`id`),
  UNIQUE KEY `usuarios_correo_uindex` (`correo`)
) ENGINE=InnoDB AUTO_INCREMENT=68 DEFAULT CHARSET=latin1 COMMENT='Usuarios del sistema';
/*!40101 SET character_set_client = @saved_cs_client */;

--
-- Dumping data for table `usuarios`
--

LOCK TABLES `usuarios` WRITE;
/*!40000 ALTER TABLE `usuarios` DISABLE KEYS */;
INSERT INTO `usuarios` VALUES (59,'fbatista.fxbi@gmail.com','Francisco Xavier','Batista','Ibarra','13516101ef382bbcf2d8f1d01e46c5aedecaf9d5e0309a7d2d83efd5981464b0','vQBDu3621QmFQK7hnVGcgiTeCDlkSLAC','2018-10-25 09:21:23','2018-10-25 09:21:23',NULL),(60,'asd@asd.com','asd','string','string','c10c2ed50a79b80aca7931eed96430fdd4e32dea98bd6f677a39a6a5b712fe83','EnxzmgAx2ngrrCtiBbAMI6fcNI2AXHFc','2018-11-11 22:07:42','2018-11-11 22:07:42',NULL),(61,'random@af.com','luis miguel','ortz','espinoza','713cfccf893b8391ff7e718500b0a7604cf0f007b9dd131d8f1ee4de91bb2990','DSRPdpHrPsU7UaS3cgPERhcNUCqJZAnC','2018-11-24 12:53:34','2018-11-24 12:53:34',NULL),(62,'andreamunozliy@gmail.com','Andrea','Muoz','Liy','72dec6ba88f8fccd6f38e718295b20e6a89866753ac65a27c80ea2fb097fa3de','wo6Mt0CbHTNIXPn3nAxiIRPJmWIVI3er','2018-11-24 17:50:56','2018-11-24 17:50:56',NULL),(63,'aliy@ucol.mx','Andrea','Muoz','Liy','3438aee677a2e4266182715a9155f146ba1b20b0433ea92dcb08b11d87ae3ee7','hntbbglNSJkPbfUdQ23dCcShsUcaddZL','2018-11-24 17:56:55','2018-11-24 17:56:55',NULL),(64,'jjjj@jjjj.com','Jjjjj','Jjjjj','Jjjjjj','7a9773f0bb74d2edc58e392043ff070e427868e80c50c8b85fe7bf83515901f4','b2NOhU4Ey4BBpkruULfjonru5sP8OFzW','2018-11-24 18:09:23','2018-11-24 18:09:23',NULL),(65,'fer_1@ucol.mx','Mara Fernanda','Len','Carrasco','5a50d37fcd0f87f64991cc591a9f3ad597b71c46534ca7dfaa40e16acabbe8d5','zrYhfihUQivtpCkrnuBYZ4sUc9LbZEuq','2018-11-24 18:35:18','2018-11-24 18:35:18',NULL),(66,'ana@ucol.mx','Ana Luisa','Prez','Castillo','441f26a937f634b230026d4180a26798ccd21760746e7652277d0cc6f7f57514','WTKnhrobJbZOuiy71OcTySwR6Ga7JiQ1','2018-11-24 19:28:30','2018-11-24 19:28:30',NULL),(67,'fbatista@ucol.mx','Juantito','Alcachifa','Perez','9ab9a420bdaad3d30822f291346984fd0b529674cc0da574347c2dab369ff6e5','wQ6YiBMsA7fC93mU93nCYDK4KlfuFhWo','2018-11-24 20:08:22','2018-11-24 20:08:22',NULL);
/*!40000 ALTER TABLE `usuarios` ENABLE KEYS */;
UNLOCK TABLES;

--
-- Table structure for table `venta_abonosGenerados`
--

DROP TABLE IF EXISTS `venta_abonosGenerados`;
/*!40101 SET @saved_cs_client     = @@character_set_client */;
/*!40101 SET character_set_client = utf8 */;
CREATE TABLE `venta_abonosGenerados` (
  `idVenta` int(11) NOT NULL,
  `consecutivo` int(11) NOT NULL,
  `fechaAPagar` date NOT NULL,
  `cantidadAPagar` double(16,6) NOT NULL,
  `pagado` double(16,6) NOT NULL DEFAULT '0.000000',
  PRIMARY KEY (`idVenta`,`consecutivo`),
  KEY `venta_abonosGenerados_ventas_id_fk` (`idVenta`),
  CONSTRAINT `venta_abonosGenerados_ventas_id_fk` FOREIGN KEY (`idVenta`) REFERENCES `ventas` (`id`)
) ENGINE=InnoDB DEFAULT CHARSET=latin1;
/*!40101 SET character_set_client = @saved_cs_client */;

--
-- Dumping data for table `venta_abonosGenerados`
--

LOCK TABLES `venta_abonosGenerados` WRITE;
/*!40000 ALTER TABLE `venta_abonosGenerados` DISABLE KEYS */;
INSERT INTO `venta_abonosGenerados` VALUES (2,1,'2018-12-25',15.000000,0.000000),(2,2,'2019-01-09',15.000000,0.000000),(2,3,'2019-01-24',15.000000,0.000000),(2,4,'2019-02-08',15.000000,0.000000),(2,5,'2019-02-23',15.000000,0.000000),(2,6,'2019-03-10',15.000000,0.000000),(2,7,'2019-03-25',15.000000,0.000000),(2,8,'2019-04-09',15.000000,0.000000),(2,9,'2019-04-24',15.000000,0.000000),(2,10,'2019-05-09',15.000000,0.000000),(2,11,'2019-05-24',15.000000,0.000000),(2,12,'2019-06-08',15.000000,0.000000),(2,13,'2019-06-23',15.000000,0.000000),(2,14,'2019-07-08',15.000000,0.000000),(2,15,'2019-07-23',15.000000,0.000000),(2,16,'2019-08-07',15.000000,0.000000),(2,17,'2019-08-22',15.000000,0.000000),(2,18,'2019-09-06',15.000000,0.000000),(2,19,'2019-09-21',15.000000,0.000000),(2,20,'2019-10-06',15.000000,0.000000),(2,21,'2019-10-21',15.000000,0.000000),(2,22,'2019-11-05',15.000000,0.000000),(2,23,'2019-11-20',15.000000,0.000000),(2,24,'2019-12-05',15.000000,0.000000),(2,25,'2019-12-20',15.000000,0.000000),(2,26,'2020-01-04',15.000000,0.000000),(2,27,'2020-01-19',15.000000,0.000000),(2,28,'2020-02-03',15.000000,0.000000),(2,29,'2020-02-18',15.000000,0.000000),(2,30,'2020-03-04',15.000000,0.000000),(2,31,'2020-03-19',15.000000,0.000000),(2,32,'2020-04-03',15.000000,0.000000),(2,33,'2020-04-18',15.000000,0.000000),(2,34,'2020-05-03',15.000000,0.000000),(2,35,'2020-05-18',15.000000,0.000000),(2,36,'2020-06-02',15.000000,0.000000),(2,37,'2020-06-17',15.000000,0.000000),(2,38,'2020-07-02',15.000000,0.000000),(2,39,'2020-07-17',15.000000,0.000000),(2,40,'2020-08-01',15.000000,0.000000),(2,41,'2020-08-16',15.000000,0.000000),(2,42,'2020-08-31',15.000000,0.000000),(2,43,'2020-09-15',15.000000,0.000000),(2,44,'2020-09-30',15.000000,0.000000),(2,45,'2020-10-15',15.000000,0.000000),(2,46,'2020-10-30',15.000000,0.000000),(2,47,'2020-11-14',15.000000,0.000000),(2,48,'2020-11-29',15.000000,0.000000),(2,49,'2020-12-14',15.000000,0.000000),(2,50,'2020-12-29',15.000000,0.000000),(2,51,'2021-01-13',15.000000,0.000000),(2,52,'2021-01-28',15.000000,0.000000),(2,53,'2021-02-12',15.000000,0.000000),(2,54,'2021-02-27',15.000000,0.000000),(2,55,'2021-03-14',15.000000,0.000000),(2,56,'2021-03-29',15.000000,0.000000),(2,57,'2021-04-13',15.000000,0.000000),(2,58,'2021-04-28',15.000000,0.000000),(2,59,'2021-05-13',15.000000,0.000000),(2,60,'2021-05-28',15.000000,0.000000),(2,61,'2021-06-12',15.000000,0.000000),(2,62,'2021-06-27',15.000000,0.000000),(2,63,'2021-07-12',15.000000,0.000000),(2,64,'2021-07-27',15.000000,0.000000),(2,65,'2021-08-11',15.000000,0.000000),(2,66,'2021-08-26',15.000000,0.000000),(2,67,'2021-09-10',15.000000,0.000000),(2,68,'2021-09-25',15.000000,0.000000),(2,69,'2021-10-10',15.000000,0.000000),(2,70,'2021-10-25',15.000000,0.000000),(2,71,'2021-11-09',15.000000,0.000000),(2,72,'2021-11-24',15.000000,0.000000),(2,73,'2021-12-09',15.000000,0.000000),(2,74,'2021-12-24',15.000000,0.000000),(2,75,'2022-01-08',15.000000,0.000000),(2,76,'2022-01-23',15.000000,0.000000),(2,77,'2022-02-07',15.000000,0.000000),(2,78,'2022-02-22',15.000000,0.000000),(2,79,'2022-03-09',15.000000,0.000000),(2,80,'2022-03-24',15.000000,0.000000),(2,81,'2022-04-08',15.000000,0.000000),(2,82,'2022-04-23',15.000000,0.000000),(2,83,'2022-05-08',15.000000,0.000000),(2,84,'2022-05-23',15.000000,0.000000),(2,85,'2022-06-07',15.000000,0.000000),(2,86,'2022-06-22',15.000000,0.000000),(2,87,'2022-07-07',15.000000,0.000000),(2,88,'2022-07-22',15.000000,0.000000),(2,89,'2022-08-06',15.000000,0.000000),(2,90,'2022-08-21',15.000000,0.000000),(2,91,'2022-09-05',15.000000,0.000000),(2,92,'2022-09-20',15.000000,0.000000),(2,93,'2022-10-05',15.000000,0.000000),(2,94,'2022-10-20',15.000000,0.000000),(2,95,'2022-11-04',15.000000,0.000000),(2,96,'2022-11-19',15.000000,0.000000),(2,97,'2022-12-04',15.000000,0.000000),(2,98,'2022-12-19',15.000000,0.000000),(2,99,'2023-01-03',15.000000,0.000000),(2,100,'2023-01-18',15.000000,0.000000),(2,101,'2023-02-02',15.000000,0.000000),(2,102,'2023-02-17',15.000000,0.000000),(2,103,'2023-03-04',15.000000,0.000000),(2,104,'2023-03-19',15.000000,0.000000),(2,105,'2023-04-03',15.000000,0.000000),(2,106,'2023-04-18',15.000000,0.000000),(2,107,'2023-05-03',15.000000,0.000000),(2,108,'2023-05-18',15.000000,0.000000),(2,109,'2023-06-02',15.000000,0.000000),(2,110,'2023-06-17',15.000000,0.000000),(2,111,'2023-07-02',15.000000,0.000000),(2,112,'2023-07-17',15.000000,0.000000),(2,113,'2023-08-01',15.000000,0.000000),(2,114,'2023-08-16',15.000000,0.000000),(2,115,'2023-08-31',15.000000,0.000000),(2,116,'2023-09-15',15.000000,0.000000),(2,117,'2023-09-30',15.000000,0.000000),(2,118,'2023-10-15',15.000000,0.000000),(2,119,'2023-10-30',15.000000,0.000000),(2,120,'2023-11-14',15.000000,0.000000),(2,121,'2023-11-29',15.000000,0.000000),(2,122,'2023-12-14',15.000000,0.000000),(2,123,'2023-12-29',15.000000,0.000000),(2,124,'2024-01-13',15.000000,0.000000),(2,125,'2024-01-28',15.000000,0.000000),(2,126,'2024-02-12',15.000000,0.000000),(2,127,'2024-02-27',15.000000,0.000000),(2,128,'2024-03-13',15.000000,0.000000),(2,129,'2024-03-28',15.000000,0.000000),(2,130,'2024-04-12',15.000000,0.000000),(2,131,'2024-04-27',15.000000,0.000000),(2,132,'2024-05-12',15.000000,0.000000),(2,133,'2024-05-27',15.000000,0.000000),(2,134,'2024-06-11',15.000000,0.000000),(2,135,'2024-06-26',15.000000,0.000000),(2,136,'2024-07-11',15.000000,0.000000),(2,137,'2024-07-26',15.000000,0.000000),(2,138,'2024-08-10',15.000000,0.000000),(2,139,'2024-08-25',15.000000,0.000000),(2,140,'2024-09-09',15.000000,0.000000),(2,141,'2024-09-24',15.000000,0.000000),(2,142,'2024-10-09',15.000000,0.000000),(2,143,'2024-10-24',15.000000,0.000000),(2,144,'2024-11-08',15.000000,0.000000),(2,145,'2024-11-23',15.000000,0.000000),(2,146,'2024-12-08',15.000000,0.000000),(2,147,'2024-12-23',15.000000,0.000000),(2,148,'2025-01-07',15.000000,0.000000),(2,149,'2025-01-22',15.000000,0.000000),(2,150,'2025-02-06',15.000000,0.000000),(2,151,'2025-02-21',15.000000,0.000000),(2,152,'2025-03-08',15.000000,0.000000),(2,153,'2025-03-23',15.000000,0.000000),(2,154,'2025-04-07',15.000000,0.000000),(2,155,'2025-04-22',15.000000,0.000000),(2,156,'2025-05-07',15.000000,0.000000),(2,157,'2025-05-22',15.000000,0.000000),(2,158,'2025-06-06',15.000000,0.000000),(2,159,'2025-06-21',15.000000,0.000000),(2,160,'2025-07-06',15.000000,0.000000),(2,161,'2025-07-21',15.000000,0.000000),(2,162,'2025-08-05',15.000000,0.000000),(2,163,'2025-08-20',15.000000,0.000000),(2,164,'2025-09-04',15.000000,0.000000),(2,165,'2025-09-19',15.000000,0.000000),(2,166,'2025-10-04',15.000000,0.000000),(2,167,'2025-10-19',15.000000,0.000000),(2,168,'2025-11-03',15.000000,0.000000),(2,169,'2025-11-18',15.000000,0.000000),(2,170,'2025-12-03',15.000000,0.000000),(2,171,'2025-12-18',15.000000,0.000000),(2,172,'2026-01-02',15.000000,0.000000),(2,173,'2026-01-17',15.000000,0.000000),(2,174,'2026-02-01',15.000000,0.000000),(2,175,'2026-02-16',15.000000,0.000000),(2,176,'2026-03-03',15.000000,0.000000),(2,177,'2026-03-18',15.000000,0.000000),(2,178,'2026-04-02',15.000000,0.000000),(2,179,'2026-04-17',15.000000,0.000000),(2,180,'2026-05-02',15.000000,0.000000),(2,181,'2026-05-17',15.000000,0.000000),(2,182,'2026-06-01',15.000000,0.000000),(2,183,'2026-06-16',15.000000,0.000000),(2,184,'2026-07-01',15.000000,0.000000),(2,185,'2026-07-16',15.000000,0.000000),(2,186,'2026-07-31',15.000000,0.000000),(2,187,'2026-08-15',15.000000,0.000000),(2,188,'2026-08-30',15.000000,0.000000),(2,189,'2026-09-14',15.000000,0.000000),(2,190,'2026-09-29',15.000000,0.000000),(2,191,'2026-10-14',15.000000,0.000000),(2,192,'2026-10-29',15.000000,0.000000),(2,193,'2026-11-13',15.000000,0.000000),(2,194,'2026-11-28',15.000000,0.000000),(2,195,'2026-12-13',15.000000,0.000000),(2,196,'2026-12-28',15.000000,0.000000),(2,197,'2027-01-12',15.000000,0.000000),(2,198,'2027-01-27',15.000000,0.000000),(2,199,'2027-02-11',15.000000,0.000000),(2,200,'2027-02-26',15.000000,0.000000),(2,201,'2027-03-13',15.000000,0.000000),(2,202,'2027-03-28',15.000000,0.000000),(2,203,'2027-04-12',15.000000,0.000000),(2,204,'2027-04-27',15.000000,0.000000),(2,205,'2027-05-12',15.000000,0.000000),(2,206,'2027-05-27',15.000000,0.000000),(2,207,'2027-06-11',15.000000,0.000000),(2,208,'2027-06-26',15.000000,0.000000),(2,209,'2027-07-11',15.000000,0.000000),(2,210,'2027-07-26',15.000000,0.000000),(2,211,'2027-08-10',15.000000,0.000000),(2,212,'2027-08-25',15.000000,0.000000),(2,213,'2027-09-09',15.000000,0.000000),(2,214,'2027-09-24',15.000000,0.000000),(2,215,'2027-10-09',15.000000,0.000000),(2,216,'2027-10-24',15.000000,0.000000),(2,217,'2027-11-08',15.000000,0.000000),(2,218,'2027-11-23',15.000000,0.000000),(2,219,'2027-12-08',15.000000,0.000000),(2,220,'2027-12-23',15.000000,0.000000),(2,221,'2028-01-07',15.000000,0.000000),(2,222,'2028-01-22',15.000000,0.000000),(2,223,'2028-02-06',15.000000,0.000000),(2,224,'2028-02-21',15.000000,0.000000),(2,225,'2028-03-07',15.000000,0.000000),(2,226,'2028-03-22',15.000000,0.000000),(2,227,'2028-04-06',15.000000,0.000000),(2,228,'2028-04-21',15.000000,0.000000),(2,229,'2028-05-06',15.000000,0.000000),(2,230,'2028-05-21',15.000000,0.000000),(2,231,'2028-06-05',15.000000,0.000000),(2,232,'2028-06-20',15.000000,0.000000),(2,233,'2028-07-05',15.000000,0.000000),(2,234,'2028-07-20',15.000000,0.000000),(2,235,'2028-08-04',15.000000,0.000000),(2,236,'2028-08-19',15.000000,0.000000),(2,237,'2028-09-03',15.000000,0.000000),(2,238,'2028-09-18',15.000000,0.000000),(2,239,'2028-10-03',15.000000,0.000000),(2,240,'2028-10-18',15.000000,0.000000),(2,241,'2028-11-02',15.000000,0.000000),(2,242,'2028-11-17',15.000000,0.000000),(2,243,'2028-12-02',15.000000,0.000000),(2,244,'2028-12-17',15.000000,0.000000),(2,245,'2029-01-01',15.000000,0.000000),(2,246,'2029-01-16',15.000000,0.000000),(2,247,'2029-01-31',15.000000,0.000000),(2,248,'2029-02-15',15.000000,0.000000),(2,249,'2029-03-02',15.000000,0.000000),(2,250,'2029-03-17',15.000000,0.000000),(2,251,'2029-04-01',15.000000,0.000000),(2,252,'2029-04-16',15.000000,0.000000),(2,253,'2029-05-01',15.000000,0.000000),(2,254,'2029-05-16',15.000000,0.000000),(2,255,'2029-05-31',15.000000,0.000000),(2,256,'2029-06-15',15.000000,0.000000),(2,257,'2029-06-30',15.000000,0.000000),(2,258,'2029-07-15',15.000000,0.000000),(2,259,'2029-07-30',15.000000,0.000000),(2,260,'2029-08-14',15.000000,0.000000),(2,261,'2029-08-29',15.000000,0.000000),(2,262,'2029-09-13',15.000000,0.000000),(2,263,'2029-09-28',15.000000,0.000000),(2,264,'2029-10-13',15.000000,0.000000),(2,265,'2029-10-28',15.000000,0.000000),(2,266,'2029-11-12',15.000000,0.000000),(2,267,'2029-11-27',15.000000,0.000000),(2,268,'2029-12-12',15.000000,0.000000),(2,269,'2029-12-27',15.000000,0.000000),(2,270,'2030-01-11',15.000000,0.000000),(2,271,'2030-01-26',15.000000,0.000000),(2,272,'2030-02-10',15.000000,0.000000),(2,273,'2030-02-25',15.000000,0.000000),(2,274,'2030-03-12',15.000000,0.000000),(2,275,'2030-03-27',15.000000,0.000000),(2,276,'2030-04-11',15.000000,0.000000),(2,277,'2030-04-26',15.000000,0.000000),(2,278,'2030-05-11',15.000000,0.000000),(2,279,'2030-05-26',15.000000,0.000000),(2,280,'2030-06-10',15.000000,0.000000),(2,281,'2030-06-25',15.000000,0.000000),(2,282,'2030-07-10',15.000000,0.000000),(2,283,'2030-07-25',15.000000,0.000000),(2,284,'2030-08-09',15.000000,0.000000),(2,285,'2030-08-24',15.000000,0.000000),(2,286,'2030-09-08',15.000000,0.000000),(2,287,'2030-09-23',15.000000,0.000000),(2,288,'2030-10-08',15.000000,0.000000),(2,289,'2030-10-23',15.000000,0.000000),(2,290,'2030-11-07',15.000000,0.000000),(2,291,'2030-11-22',15.000000,0.000000),(2,292,'2030-12-07',15.000000,0.000000),(2,293,'2030-12-22',15.000000,0.000000),(2,294,'2031-01-06',15.000000,0.000000),(2,295,'2031-01-21',15.000000,0.000000),(2,296,'2031-02-05',15.000000,0.000000),(2,297,'2031-02-20',15.000000,0.000000),(2,298,'2031-03-07',15.000000,0.000000),(2,299,'2031-03-22',15.000000,0.000000),(2,300,'2031-04-06',15.000000,0.000000),(2,301,'2031-04-21',15.000000,0.000000),(2,302,'2031-05-06',15.000000,0.000000),(2,303,'2031-05-21',15.000000,0.000000),(2,304,'2031-06-05',15.000000,0.000000),(2,305,'2031-06-20',15.000000,0.000000),(2,306,'2031-07-05',15.000000,0.000000),(2,307,'2031-07-20',15.000000,0.000000),(2,308,'2031-08-04',15.000000,0.000000),(2,309,'2031-08-19',15.000000,0.000000),(2,310,'2031-09-03',15.000000,0.000000),(2,311,'2031-09-18',15.000000,0.000000),(2,312,'2031-10-03',15.000000,0.000000),(2,313,'2031-10-18',15.000000,0.000000),(2,314,'2031-11-02',15.000000,0.000000),(2,315,'2031-11-17',15.000000,0.000000),(2,316,'2031-12-02',15.000000,0.000000),(2,317,'2031-12-17',15.000000,0.000000),(2,318,'2032-01-01',15.000000,0.000000),(2,319,'2032-01-16',15.000000,0.000000),(2,320,'2032-01-31',15.000000,0.000000),(2,321,'2032-02-15',15.000000,0.000000),(2,322,'2032-03-01',15.000000,0.000000),(2,323,'2032-03-16',15.000000,0.000000),(2,324,'2032-03-31',15.000000,0.000000),(2,325,'2032-04-15',15.000000,0.000000),(2,326,'2032-04-30',15.000000,0.000000),(2,327,'2032-05-15',15.000000,0.000000),(2,328,'2032-05-30',15.000000,0.000000),(2,329,'2032-06-14',15.000000,0.000000),(2,330,'2032-06-29',15.000000,0.000000),(2,331,'2032-07-14',15.000000,0.000000),(2,332,'2032-07-29',15.000000,0.000000),(2,333,'2032-08-13',15.000000,0.000000),(2,334,'2032-08-28',15.000000,0.000000),(2,335,'2032-09-12',15.000000,0.000000),(2,336,'2032-09-27',15.000000,0.000000),(2,337,'2032-10-12',15.000000,0.000000),(2,338,'2032-10-27',15.000000,0.000000),(2,339,'2032-11-11',15.000000,0.000000),(2,340,'2032-11-26',15.000000,0.000000),(2,341,'2032-12-11',15.000000,0.000000),(2,342,'2032-12-26',15.000000,0.000000),(2,343,'2033-01-10',15.000000,0.000000),(2,344,'2033-01-25',15.000000,0.000000),(2,345,'2033-02-09',15.000000,0.000000),(2,346,'2033-02-24',15.000000,0.000000),(2,347,'2033-03-11',15.000000,0.000000),(2,348,'2033-03-26',15.000000,0.000000),(2,349,'2033-04-10',15.000000,0.000000),(2,350,'2033-04-25',15.000000,0.000000),(2,351,'2033-05-10',15.000000,0.000000),(2,352,'2033-05-25',15.000000,0.000000),(2,353,'2033-06-09',15.000000,0.000000),(2,354,'2033-06-24',15.000000,0.000000),(2,355,'2033-07-09',15.000000,0.000000),(2,356,'2033-07-24',15.000000,0.000000),(2,357,'2033-08-08',15.000000,0.000000),(2,358,'2033-08-23',15.000000,0.000000),(2,359,'2033-09-07',15.000000,0.000000),(2,360,'2033-09-22',15.000000,0.000000),(2,361,'2033-10-07',15.000000,0.000000),(2,362,'2033-10-22',15.000000,0.000000),(2,363,'2033-11-06',15.000000,0.000000),(2,364,'2033-11-21',15.000000,0.000000),(2,365,'2033-12-06',15.000000,0.000000),(2,366,'2033-12-21',15.000000,0.000000),(2,367,'2034-01-05',15.000000,0.000000),(2,368,'2034-01-20',15.000000,0.000000),(2,369,'2034-02-04',15.000000,0.000000),(2,370,'2034-02-19',15.000000,0.000000),(2,371,'2034-03-06',15.000000,0.000000),(2,372,'2034-03-21',15.000000,0.000000),(2,373,'2034-04-05',15.000000,0.000000),(2,374,'2034-04-20',15.000000,0.000000),(2,375,'2034-05-05',15.000000,0.000000),(2,376,'2034-05-20',15.000000,0.000000),(2,377,'2034-06-04',15.000000,0.000000),(2,378,'2034-06-19',15.000000,0.000000),(2,379,'2034-07-04',15.000000,0.000000),(2,380,'2034-07-19',15.000000,0.000000),(2,381,'2034-08-03',15.000000,0.000000),(2,382,'2034-08-18',15.000000,0.000000),(2,383,'2034-09-02',15.000000,0.000000),(2,384,'2034-09-17',15.000000,0.000000),(2,385,'2034-10-02',15.000000,0.000000),(2,386,'2034-10-17',15.000000,0.000000),(2,387,'2034-11-01',15.000000,0.000000),(2,388,'2034-11-16',15.000000,0.000000),(2,389,'2034-12-01',15.000000,0.000000),(2,390,'2034-12-16',15.000000,0.000000),(2,391,'2034-12-31',15.000000,0.000000),(2,392,'2035-01-15',15.000000,0.000000),(2,393,'2035-01-30',15.000000,0.000000),(2,394,'2035-02-14',15.000000,0.000000),(2,395,'2035-03-01',15.000000,0.000000),(2,396,'2035-03-16',15.000000,0.000000),(2,397,'2035-03-31',15.000000,0.000000),(2,398,'2035-04-15',15.000000,0.000000),(2,399,'2035-04-30',15.000000,0.000000),(2,400,'2035-05-15',15.000000,0.000000),(2,401,'2035-05-30',15.000000,0.000000),(2,402,'2035-06-14',15.000000,0.000000),(2,403,'2035-06-29',15.000000,0.000000),(2,404,'2035-07-14',15.000000,0.000000),(2,405,'2035-07-29',15.000000,0.000000),(2,406,'2035-08-13',15.000000,0.000000),(2,407,'2035-08-28',15.000000,0.000000),(2,408,'2035-09-12',15.000000,0.000000),(2,409,'2035-09-27',15.000000,0.000000),(2,410,'2035-10-12',15.000000,0.000000),(2,411,'2035-10-27',15.000000,0.000000),(2,412,'2035-11-11',15.000000,0.000000),(2,413,'2035-11-26',15.000000,0.000000),(2,414,'2035-12-11',15.000000,0.000000),(2,415,'2035-12-26',15.000000,0.000000),(2,416,'2036-01-10',15.000000,0.000000),(2,417,'2036-01-25',15.000000,0.000000),(2,418,'2036-02-09',15.000000,0.000000),(2,419,'2036-02-24',15.000000,0.000000),(2,420,'2036-03-10',15.000000,0.000000),(2,421,'2036-03-25',15.000000,0.000000),(2,422,'2036-04-09',15.000000,0.000000),(2,423,'2036-04-24',15.000000,0.000000),(2,424,'2036-05-09',15.000000,0.000000),(2,425,'2036-05-24',15.000000,0.000000),(2,426,'2036-06-08',15.000000,0.000000),(2,427,'2036-06-23',15.000000,0.000000),(2,428,'2036-07-08',15.000000,0.000000),(2,429,'2036-07-23',15.000000,0.000000),(2,430,'2036-08-07',15.000000,0.000000),(2,431,'2036-08-22',15.000000,0.000000),(2,432,'2036-09-06',15.000000,0.000000),(2,433,'2036-09-21',15.000000,0.000000),(2,434,'2036-10-06',15.000000,0.000000),(2,435,'2036-10-21',15.000000,0.000000),(2,436,'2036-11-05',15.000000,0.000000),(2,437,'2036-11-20',15.000000,0.000000),(2,438,'2036-12-05',15.000000,0.000000),(2,439,'2036-12-20',15.000000,0.000000),(2,440,'2037-01-04',15.000000,0.000000),(2,441,'2037-01-19',15.000000,0.000000),(2,442,'2037-02-03',15.000000,0.000000),(2,443,'2037-02-18',15.000000,0.000000),(2,444,'2037-03-05',15.000000,0.000000),(2,445,'2037-03-20',15.000000,0.000000),(2,446,'2037-04-04',15.000000,0.000000),(2,447,'2037-04-19',15.000000,0.000000),(2,448,'2037-05-04',15.000000,0.000000),(2,449,'2037-05-19',15.000000,0.000000),(2,450,'2037-06-03',15.000000,0.000000),(2,451,'2037-06-18',15.000000,0.000000),(2,452,'2037-07-03',15.000000,0.000000),(2,453,'2037-07-18',15.000000,0.000000),(2,454,'2037-08-02',15.000000,0.000000),(2,455,'2037-08-17',15.000000,0.000000),(2,456,'2037-09-01',15.000000,0.000000),(2,457,'2037-09-16',15.000000,0.000000),(2,458,'2037-10-01',15.000000,0.000000),(2,459,'2037-10-16',15.000000,0.000000),(2,460,'2037-10-31',15.000000,0.000000),(2,461,'2037-11-15',15.000000,0.000000),(2,462,'2037-11-30',15.000000,0.000000),(2,463,'2037-12-15',15.000000,0.000000),(2,464,'2037-12-30',15.000000,0.000000),(2,465,'2038-01-14',15.000000,0.000000),(2,466,'2038-01-29',15.000000,0.000000),(2,467,'2038-02-13',15.000000,0.000000),(2,468,'2038-02-28',15.000000,0.000000),(2,469,'2038-03-15',15.000000,0.000000),(2,470,'2038-03-30',15.000000,0.000000),(2,471,'2038-04-14',15.000000,0.000000),(2,472,'2038-04-29',15.000000,0.000000),(2,473,'2038-05-14',15.000000,0.000000),(2,474,'2038-05-29',15.000000,0.000000),(2,475,'2038-06-13',15.000000,0.000000),(2,476,'2038-06-28',15.000000,0.000000),(2,477,'2038-07-13',15.000000,0.000000),(2,478,'2038-07-28',15.000000,0.000000),(2,479,'2038-08-12',15.000000,0.000000),(2,480,'2038-08-27',15.000000,0.000000),(2,481,'2038-09-11',15.000000,0.000000),(2,482,'2038-09-26',15.000000,0.000000),(2,483,'2038-10-11',15.000000,0.000000),(2,484,'2038-10-26',15.000000,0.000000),(2,485,'2038-11-10',15.000000,0.000000),(2,486,'2038-11-25',15.000000,0.000000),(2,487,'2038-12-10',15.000000,0.000000),(2,488,'2038-12-25',15.000000,0.000000),(2,489,'2039-01-09',15.000000,0.000000),(2,490,'2039-01-24',15.000000,0.000000),(2,491,'2039-02-08',15.000000,0.000000),(2,492,'2039-02-23',15.000000,0.000000),(2,493,'2039-03-10',15.000000,0.000000),(2,494,'2039-03-25',15.000000,0.000000),(2,495,'2039-04-09',15.000000,0.000000),(2,496,'2039-04-24',15.000000,0.000000),(2,497,'2039-05-09',15.000000,0.000000),(2,498,'2039-05-24',15.000000,0.000000),(2,499,'2039-06-08',15.000000,0.000000),(2,500,'2039-06-23',15.000000,0.000000),(2,501,'2039-07-08',15.000000,0.000000),(2,502,'2039-07-23',15.000000,0.000000),(2,503,'2039-08-07',15.000000,0.000000),(2,504,'2039-08-22',15.000000,0.000000),(2,505,'2039-09-06',15.000000,0.000000),(2,506,'2039-09-21',15.000000,0.000000),(2,507,'2039-10-06',15.000000,0.000000),(2,508,'2039-10-21',15.000000,0.000000),(2,509,'2039-11-05',15.000000,0.000000),(2,510,'2039-11-20',15.000000,0.000000),(2,511,'2039-12-05',15.000000,0.000000),(2,512,'2039-12-20',15.000000,0.000000),(2,513,'2040-01-04',15.000000,0.000000),(2,514,'2040-01-19',15.000000,0.000000),(2,515,'2040-02-03',15.000000,0.000000),(2,516,'2040-02-18',15.000000,0.000000),(2,517,'2040-03-04',15.000000,0.000000),(2,518,'2040-03-19',15.000000,0.000000),(2,519,'2040-04-03',15.000000,0.000000),(2,520,'2040-04-18',15.000000,0.000000),(2,521,'2040-05-03',15.000000,0.000000),(2,522,'2040-05-18',15.000000,0.000000),(2,523,'2040-06-02',15.000000,0.000000),(2,524,'2040-06-17',15.000000,0.000000),(2,525,'2040-07-02',15.000000,0.000000),(2,526,'2040-07-17',15.000000,0.000000),(2,527,'2040-08-01',15.000000,0.000000),(2,528,'2040-08-16',15.000000,0.000000),(2,529,'2040-08-31',15.000000,0.000000),(2,530,'2040-09-15',15.000000,0.000000),(2,531,'2040-09-30',15.000000,0.000000),(2,532,'2040-10-15',15.000000,0.000000),(2,533,'2040-10-30',15.000000,0.000000),(2,534,'2040-11-14',15.000000,0.000000),(2,535,'2040-11-29',15.000000,0.000000),(2,536,'2040-12-14',15.000000,0.000000),(2,537,'2040-12-29',15.000000,0.000000),(2,538,'2041-01-13',15.000000,0.000000),(2,539,'2041-01-28',15.000000,0.000000),(2,540,'2041-02-12',15.000000,0.000000),(2,541,'2041-02-27',15.000000,0.000000),(2,542,'2041-03-14',15.000000,0.000000),(2,543,'2041-03-29',15.000000,0.000000),(2,544,'2041-04-13',15.000000,0.000000),(2,545,'2041-04-28',15.000000,0.000000),(2,546,'2041-05-13',15.000000,0.000000),(2,547,'2041-05-28',15.000000,0.000000),(2,548,'2041-06-12',15.000000,0.000000),(2,549,'2041-06-27',15.000000,0.000000),(2,550,'2041-07-12',15.000000,0.000000),(2,551,'2041-07-27',15.000000,0.000000),(2,552,'2041-08-11',15.000000,0.000000),(2,553,'2041-08-26',15.000000,0.000000),(2,554,'2041-09-10',15.000000,0.000000),(2,555,'2041-09-25',15.000000,0.000000),(2,556,'2041-10-10',15.000000,0.000000),(2,557,'2041-10-25',15.000000,0.000000),(2,558,'2041-11-09',15.000000,0.000000),(2,559,'2041-11-24',15.000000,0.000000),(2,560,'2041-12-09',15.000000,0.000000),(2,561,'2041-12-24',15.000000,0.000000),(2,562,'2042-01-08',15.000000,0.000000),(2,563,'2042-01-23',15.000000,0.000000),(2,564,'2042-02-07',15.000000,0.000000),(2,565,'2042-02-22',15.000000,0.000000),(2,566,'2042-03-09',15.000000,0.000000),(2,567,'2042-03-24',15.000000,0.000000),(2,568,'2042-04-08',15.000000,0.000000),(2,569,'2042-04-23',15.000000,0.000000),(2,570,'2042-05-08',15.000000,0.000000),(2,571,'2042-05-23',15.000000,0.000000),(2,572,'2042-06-07',15.000000,0.000000),(2,573,'2042-06-22',15.000000,0.000000),(2,574,'2042-07-07',15.000000,0.000000),(2,575,'2042-07-22',15.000000,0.000000),(2,576,'2042-08-06',15.000000,0.000000),(2,577,'2042-08-21',15.000000,0.000000),(2,578,'2042-09-05',15.000000,0.000000),(2,579,'2042-09-20',15.000000,0.000000),(2,580,'2042-10-05',15.000000,0.000000),(2,581,'2042-10-20',15.000000,0.000000),(2,582,'2042-11-04',15.000000,0.000000),(2,583,'2042-11-19',15.000000,0.000000),(2,584,'2042-12-04',15.000000,0.000000),(2,585,'2042-12-19',15.000000,0.000000),(2,586,'2043-01-03',15.000000,0.000000),(2,587,'2043-01-18',15.000000,0.000000),(2,588,'2043-02-02',15.000000,0.000000),(2,589,'2043-02-17',15.000000,0.000000),(2,590,'2043-03-04',15.000000,0.000000),(2,591,'2043-03-19',15.000000,0.000000),(2,592,'2043-04-03',15.000000,0.000000),(2,593,'2043-04-18',15.000000,0.000000),(2,594,'2043-05-03',15.000000,0.000000),(2,595,'2043-05-18',15.000000,0.000000),(2,596,'2043-06-02',15.000000,0.000000),(2,597,'2043-06-17',15.000000,0.000000),(2,598,'2043-07-02',15.000000,0.000000),(2,599,'2043-07-17',15.000000,0.000000),(2,600,'2043-08-01',15.000000,0.000000),(2,601,'2043-08-16',15.000000,0.000000),(2,602,'2043-08-31',15.000000,0.000000),(2,603,'2043-09-15',15.000000,0.000000),(2,604,'2043-09-30',15.000000,0.000000),(2,605,'2043-10-15',15.000000,0.000000),(2,606,'2043-10-30',15.000000,0.000000),(2,607,'2043-11-14',15.000000,0.000000),(2,608,'2043-11-29',15.000000,0.000000),(2,609,'2043-12-14',15.000000,0.000000),(2,610,'2043-12-29',15.000000,0.000000),(2,611,'2044-01-13',15.000000,0.000000),(2,612,'2044-01-28',15.000000,0.000000),(2,613,'2044-02-12',15.000000,0.000000),(2,614,'2044-02-27',15.000000,0.000000),(2,615,'2044-03-13',15.000000,0.000000),(2,616,'2044-03-28',15.000000,0.000000),(2,617,'2044-04-12',15.000000,0.000000),(2,618,'2044-04-27',15.000000,0.000000),(2,619,'2044-05-12',15.000000,0.000000),(2,620,'2044-05-27',15.000000,0.000000),(2,621,'2044-06-11',15.000000,0.000000),(2,622,'2044-06-26',15.000000,0.000000),(2,623,'2044-07-11',15.000000,0.000000),(2,624,'2044-07-26',15.000000,0.000000),(2,625,'2044-08-10',15.000000,0.000000),(2,626,'2044-08-25',15.000000,0.000000),(2,627,'2044-09-09',10.000000,0.000000),(3,1,'2018-12-25',15.000000,15.000000),(3,2,'2019-01-09',15.000000,15.000000),(3,3,'2019-01-24',15.000000,15.000000),(3,4,'2019-02-08',15.000000,15.000000),(3,5,'2019-02-23',15.000000,15.000000),(3,6,'2019-03-10',15.000000,15.000000),(3,7,'2019-03-25',15.000000,15.000000),(3,8,'2019-04-09',15.000000,15.000000),(3,9,'2019-04-24',15.000000,15.000000),(3,10,'2019-05-09',15.000000,15.000000),(3,11,'2019-05-24',15.000000,15.000000),(3,12,'2019-06-08',15.000000,15.000000),(3,13,'2019-06-23',15.000000,15.000000),(3,14,'2019-07-08',15.000000,15.000000),(3,15,'2019-07-23',15.000000,15.000000),(3,16,'2019-08-07',15.000000,15.000000),(3,17,'2019-08-22',15.000000,15.000000),(3,18,'2019-09-06',15.000000,15.000000),(3,19,'2019-09-21',15.000000,15.000000),(3,20,'2019-10-06',15.000000,15.000000),(3,21,'2019-10-21',15.000000,15.000000),(3,22,'2019-11-05',15.000000,15.000000),(3,23,'2019-11-20',15.000000,15.000000),(3,24,'2019-12-05',15.000000,15.000000),(3,25,'2019-12-20',15.000000,15.000000),(3,26,'2020-01-04',15.000000,15.000000),(3,27,'2020-01-19',15.000000,15.000000),(3,28,'2020-02-03',15.000000,15.000000),(3,29,'2020-02-18',15.000000,15.000000),(3,30,'2020-03-04',15.000000,15.000000),(3,31,'2020-03-19',15.000000,15.000000),(3,32,'2020-04-03',15.000000,15.000000),(3,33,'2020-04-18',15.000000,15.000000),(3,34,'2020-05-03',15.000000,15.000000),(3,35,'2020-05-18',15.000000,15.000000),(3,36,'2020-06-02',15.000000,15.000000),(3,37,'2020-06-17',15.000000,15.000000),(3,38,'2020-07-02',15.000000,15.000000),(3,39,'2020-07-17',15.000000,15.000000),(3,40,'2020-08-01',15.000000,15.000000),(3,41,'2020-08-16',15.000000,15.000000),(3,42,'2020-08-31',15.000000,15.000000),(3,43,'2020-09-15',15.000000,15.000000),(3,44,'2020-09-30',15.000000,15.000000),(3,45,'2020-10-15',15.000000,15.000000),(3,46,'2020-10-30',15.000000,15.000000),(3,47,'2020-11-14',15.000000,15.000000),(3,48,'2020-11-29',15.000000,15.000000),(3,49,'2020-12-14',15.000000,15.000000),(3,50,'2020-12-29',15.000000,15.000000),(3,51,'2021-01-13',15.000000,15.000000),(3,52,'2021-01-28',15.000000,15.000000),(3,53,'2021-02-12',15.000000,15.000000),(3,54,'2021-02-27',15.000000,15.000000),(3,55,'2021-03-14',15.000000,15.000000),(3,56,'2021-03-29',15.000000,15.000000),(3,57,'2021-04-13',15.000000,15.000000),(3,58,'2021-04-28',15.000000,15.000000),(3,59,'2021-05-13',15.000000,15.000000),(3,60,'2021-05-28',15.000000,15.000000),(3,61,'2021-06-12',15.000000,15.000000),(3,62,'2021-06-27',15.000000,15.000000),(3,63,'2021-07-12',15.000000,15.000000),(3,64,'2021-07-27',15.000000,15.000000),(3,65,'2021-08-11',15.000000,15.000000),(3,66,'2021-08-26',15.000000,15.000000),(3,67,'2021-09-10',15.000000,10.000000),(3,68,'2021-09-25',15.000000,0.000000),(3,69,'2021-10-10',15.000000,0.000000),(3,70,'2021-10-25',15.000000,0.000000),(3,71,'2021-11-09',15.000000,0.000000),(3,72,'2021-11-24',15.000000,0.000000),(3,73,'2021-12-09',15.000000,0.000000),(3,74,'2021-12-24',15.000000,0.000000),(3,75,'2022-01-08',15.000000,0.000000),(3,76,'2022-01-23',15.000000,0.000000),(3,77,'2022-02-07',15.000000,0.000000),(3,78,'2022-02-22',15.000000,0.000000),(3,79,'2022-03-09',15.000000,0.000000),(3,80,'2022-03-24',15.000000,0.000000),(3,81,'2022-04-08',15.000000,0.000000),(3,82,'2022-04-23',15.000000,0.000000),(3,83,'2022-05-08',15.000000,0.000000),(3,84,'2022-05-23',15.000000,0.000000),(3,85,'2022-06-07',15.000000,0.000000),(3,86,'2022-06-22',15.000000,0.000000),(3,87,'2022-07-07',15.000000,0.000000),(3,88,'2022-07-22',15.000000,0.000000),(3,89,'2022-08-06',15.000000,0.000000),(3,90,'2022-08-21',15.000000,0.000000),(3,91,'2022-09-05',15.000000,0.000000),(3,92,'2022-09-20',15.000000,0.000000),(3,93,'2022-10-05',15.000000,0.000000),(3,94,'2022-10-20',15.000000,0.000000),(3,95,'2022-11-04',15.000000,0.000000),(3,96,'2022-11-19',15.000000,0.000000),(3,97,'2022-12-04',15.000000,0.000000),(3,98,'2022-12-19',15.000000,0.000000),(3,99,'2023-01-03',15.000000,0.000000),(3,100,'2023-01-18',15.000000,0.000000),(3,101,'2023-02-02',15.000000,0.000000),(3,102,'2023-02-17',15.000000,0.000000),(3,103,'2023-03-04',15.000000,0.000000),(3,104,'2023-03-19',15.000000,0.000000),(3,105,'2023-04-03',15.000000,0.000000),(3,106,'2023-04-18',15.000000,0.000000),(3,107,'2023-05-03',15.000000,0.000000),(3,108,'2023-05-18',15.000000,0.000000),(3,109,'2023-06-02',15.000000,0.000000),(3,110,'2023-06-17',15.000000,0.000000),(3,111,'2023-07-02',15.000000,0.000000),(3,112,'2023-07-17',15.000000,0.000000),(3,113,'2023-08-01',15.000000,0.000000),(3,114,'2023-08-16',15.000000,0.000000),(3,115,'2023-08-31',15.000000,0.000000),(3,116,'2023-09-15',15.000000,0.000000),(3,117,'2023-09-30',15.000000,0.000000),(3,118,'2023-10-15',15.000000,0.000000),(3,119,'2023-10-30',15.000000,0.000000),(3,120,'2023-11-14',15.000000,0.000000),(3,121,'2023-11-29',15.000000,0.000000),(3,122,'2023-12-14',15.000000,0.000000),(3,123,'2023-12-29',15.000000,0.000000),(3,124,'2024-01-13',15.000000,0.000000),(3,125,'2024-01-28',15.000000,0.000000),(3,126,'2024-02-12',15.000000,0.000000),(3,127,'2024-02-27',15.000000,0.000000),(3,128,'2024-03-13',15.000000,0.000000),(3,129,'2024-03-28',15.000000,0.000000),(3,130,'2024-04-12',15.000000,0.000000),(3,131,'2024-04-27',15.000000,0.000000),(3,132,'2024-05-12',15.000000,0.000000),(3,133,'2024-05-27',15.000000,0.000000),(3,134,'2024-06-11',15.000000,0.000000),(3,135,'2024-06-26',15.000000,0.000000),(3,136,'2024-07-11',15.000000,0.000000),(3,137,'2024-07-26',15.000000,0.000000),(3,138,'2024-08-10',15.000000,0.000000),(3,139,'2024-08-25',15.000000,0.000000),(3,140,'2024-09-09',15.000000,0.000000),(3,141,'2024-09-24',15.000000,0.000000),(3,142,'2024-10-09',15.000000,0.000000),(3,143,'2024-10-24',15.000000,0.000000),(3,144,'2024-11-08',15.000000,0.000000),(3,145,'2024-11-23',15.000000,0.000000),(3,146,'2024-12-08',15.000000,0.000000),(3,147,'2024-12-23',15.000000,0.000000),(3,148,'2025-01-07',15.000000,0.000000),(3,149,'2025-01-22',15.000000,0.000000),(3,150,'2025-02-06',15.000000,0.000000),(3,151,'2025-02-21',15.000000,0.000000),(3,152,'2025-03-08',15.000000,0.000000),(3,153,'2025-03-23',15.000000,0.000000),(3,154,'2025-04-07',15.000000,0.000000),(3,155,'2025-04-22',15.000000,0.000000),(3,156,'2025-05-07',15.000000,0.000000),(3,157,'2025-05-22',15.000000,0.000000),(3,158,'2025-06-06',15.000000,0.000000),(3,159,'2025-06-21',15.000000,0.000000),(3,160,'2025-07-06',15.000000,0.000000),(3,161,'2025-07-21',15.000000,0.000000),(3,162,'2025-08-05',15.000000,0.000000),(3,163,'2025-08-20',15.000000,0.000000),(3,164,'2025-09-04',15.000000,0.000000),(3,165,'2025-09-19',15.000000,0.000000),(3,166,'2025-10-04',15.000000,0.000000),(3,167,'2025-10-19',15.000000,0.000000),(3,168,'2025-11-03',15.000000,0.000000),(3,169,'2025-11-18',15.000000,0.000000),(3,170,'2025-12-03',15.000000,0.000000),(3,171,'2025-12-18',15.000000,0.000000),(3,172,'2026-01-02',15.000000,0.000000),(3,173,'2026-01-17',15.000000,0.000000),(3,174,'2026-02-01',15.000000,0.000000),(3,175,'2026-02-16',15.000000,0.000000),(3,176,'2026-03-03',15.000000,0.000000),(3,177,'2026-03-18',15.000000,0.000000),(3,178,'2026-04-02',15.000000,0.000000),(3,179,'2026-04-17',15.000000,0.000000),(3,180,'2026-05-02',15.000000,0.000000),(3,181,'2026-05-17',15.000000,0.000000),(3,182,'2026-06-01',15.000000,0.000000),(3,183,'2026-06-16',15.000000,0.000000),(3,184,'2026-07-01',15.000000,0.000000),(3,185,'2026-07-16',15.000000,0.000000),(3,186,'2026-07-31',15.000000,0.000000),(3,187,'2026-08-15',15.000000,0.000000),(3,188,'2026-08-30',15.000000,0.000000),(3,189,'2026-09-14',15.000000,0.000000),(3,190,'2026-09-29',15.000000,0.000000),(3,191,'2026-10-14',15.000000,0.000000),(3,192,'2026-10-29',15.000000,0.000000),(3,193,'2026-11-13',15.000000,0.000000),(3,194,'2026-11-28',15.000000,0.000000),(3,195,'2026-12-13',15.000000,0.000000),(3,196,'2026-12-28',15.000000,0.000000),(3,197,'2027-01-12',15.000000,0.000000),(3,198,'2027-01-27',15.000000,0.000000),(3,199,'2027-02-11',15.000000,0.000000),(3,200,'2027-02-26',15.000000,0.000000),(3,201,'2027-03-13',15.000000,0.000000),(3,202,'2027-03-28',15.000000,0.000000),(3,203,'2027-04-12',15.000000,0.000000),(3,204,'2027-04-27',15.000000,0.000000),(3,205,'2027-05-12',15.000000,0.000000),(3,206,'2027-05-27',15.000000,0.000000),(3,207,'2027-06-11',15.000000,0.000000),(3,208,'2027-06-26',15.000000,0.000000),(3,209,'2027-07-11',15.000000,0.000000),(3,210,'2027-07-26',15.000000,0.000000),(3,211,'2027-08-10',15.000000,0.000000),(3,212,'2027-08-25',15.000000,0.000000),(3,213,'2027-09-09',15.000000,0.000000),(3,214,'2027-09-24',15.000000,0.000000),(3,215,'2027-10-09',15.000000,0.000000),(3,216,'2027-10-24',15.000000,0.000000),(3,217,'2027-11-08',15.000000,0.000000),(3,218,'2027-11-23',15.000000,0.000000),(3,219,'2027-12-08',15.000000,0.000000),(3,220,'2027-12-23',15.000000,0.000000),(3,221,'2028-01-07',15.000000,0.000000),(3,222,'2028-01-22',15.000000,0.000000),(3,223,'2028-02-06',15.000000,0.000000),(3,224,'2028-02-21',15.000000,0.000000),(3,225,'2028-03-07',15.000000,0.000000),(3,226,'2028-03-22',15.000000,0.000000),(3,227,'2028-04-06',15.000000,0.000000),(3,228,'2028-04-21',15.000000,0.000000),(3,229,'2028-05-06',15.000000,0.000000),(3,230,'2028-05-21',15.000000,0.000000),(3,231,'2028-06-05',15.000000,0.000000),(3,232,'2028-06-20',15.000000,0.000000),(3,233,'2028-07-05',15.000000,0.000000),(3,234,'2028-07-20',15.000000,0.000000),(3,235,'2028-08-04',15.000000,0.000000),(3,236,'2028-08-19',15.000000,0.000000),(3,237,'2028-09-03',15.000000,0.000000),(3,238,'2028-09-18',15.000000,0.000000),(3,239,'2028-10-03',15.000000,0.000000),(3,240,'2028-10-18',15.000000,0.000000),(3,241,'2028-11-02',15.000000,0.000000),(3,242,'2028-11-17',15.000000,0.000000),(3,243,'2028-12-02',15.000000,0.000000),(3,244,'2028-12-17',15.000000,0.000000),(3,245,'2029-01-01',15.000000,0.000000),(3,246,'2029-01-16',15.000000,0.000000),(3,247,'2029-01-31',15.000000,0.000000),(3,248,'2029-02-15',15.000000,0.000000),(3,249,'2029-03-02',15.000000,0.000000),(3,250,'2029-03-17',15.000000,0.000000),(3,251,'2029-04-01',15.000000,0.000000),(3,252,'2029-04-16',15.000000,0.000000),(3,253,'2029-05-01',15.000000,0.000000),(3,254,'2029-05-16',15.000000,0.000000),(3,255,'2029-05-31',15.000000,0.000000),(3,256,'2029-06-15',15.000000,0.000000),(3,257,'2029-06-30',15.000000,0.000000),(3,258,'2029-07-15',15.000000,0.000000),(3,259,'2029-07-30',15.000000,0.000000),(3,260,'2029-08-14',15.000000,0.000000),(3,261,'2029-08-29',15.000000,0.000000),(3,262,'2029-09-13',15.000000,0.000000),(3,263,'2029-09-28',15.000000,0.000000),(3,264,'2029-10-13',15.000000,0.000000),(3,265,'2029-10-28',15.000000,0.000000),(3,266,'2029-11-12',15.000000,0.000000),(3,267,'2029-11-27',15.000000,0.000000),(3,268,'2029-12-12',15.000000,0.000000),(3,269,'2029-12-27',15.000000,0.000000),(3,270,'2030-01-11',15.000000,0.000000),(3,271,'2030-01-26',15.000000,0.000000),(3,272,'2030-02-10',15.000000,0.000000),(3,273,'2030-02-25',15.000000,0.000000),(3,274,'2030-03-12',15.000000,0.000000),(3,275,'2030-03-27',15.000000,0.000000),(3,276,'2030-04-11',15.000000,0.000000),(3,277,'2030-04-26',15.000000,0.000000),(3,278,'2030-05-11',15.000000,0.000000),(3,279,'2030-05-26',15.000000,0.000000),(3,280,'2030-06-10',15.000000,0.000000),(3,281,'2030-06-25',15.000000,0.000000),(3,282,'2030-07-10',15.000000,0.000000),(3,283,'2030-07-25',15.000000,0.000000),(3,284,'2030-08-09',15.000000,0.000000),(3,285,'2030-08-24',15.000000,0.000000),(3,286,'2030-09-08',15.000000,0.000000),(3,287,'2030-09-23',15.000000,0.000000),(3,288,'2030-10-08',15.000000,0.000000),(3,289,'2030-10-23',15.000000,0.000000),(3,290,'2030-11-07',15.000000,0.000000),(3,291,'2030-11-22',15.000000,0.000000),(3,292,'2030-12-07',15.000000,0.000000),(3,293,'2030-12-22',15.000000,0.000000),(3,294,'2031-01-06',15.000000,0.000000),(3,295,'2031-01-21',15.000000,0.000000),(3,296,'2031-02-05',15.000000,0.000000),(3,297,'2031-02-20',15.000000,0.000000),(3,298,'2031-03-07',15.000000,0.000000),(3,299,'2031-03-22',15.000000,0.000000),(3,300,'2031-04-06',15.000000,0.000000),(3,301,'2031-04-21',15.000000,0.000000),(3,302,'2031-05-06',15.000000,0.000000),(3,303,'2031-05-21',15.000000,0.000000),(3,304,'2031-06-05',15.000000,0.000000),(3,305,'2031-06-20',15.000000,0.000000),(3,306,'2031-07-05',15.000000,0.000000),(3,307,'2031-07-20',15.000000,0.000000),(3,308,'2031-08-04',15.000000,0.000000),(3,309,'2031-08-19',15.000000,0.000000),(3,310,'2031-09-03',15.000000,0.000000),(3,311,'2031-09-18',15.000000,0.000000),(3,312,'2031-10-03',15.000000,0.000000),(3,313,'2031-10-18',15.000000,0.000000),(3,314,'2031-11-02',15.000000,0.000000),(3,315,'2031-11-17',15.000000,0.000000),(3,316,'2031-12-02',15.000000,0.000000),(3,317,'2031-12-17',15.000000,0.000000),(3,318,'2032-01-01',15.000000,0.000000),(3,319,'2032-01-16',15.000000,0.000000),(3,320,'2032-01-31',15.000000,0.000000),(3,321,'2032-02-15',15.000000,0.000000),(3,322,'2032-03-01',15.000000,0.000000),(3,323,'2032-03-16',15.000000,0.000000),(3,324,'2032-03-31',15.000000,0.000000),(3,325,'2032-04-15',15.000000,0.000000),(3,326,'2032-04-30',15.000000,0.000000),(3,327,'2032-05-15',15.000000,0.000000),(3,328,'2032-05-30',15.000000,0.000000),(3,329,'2032-06-14',15.000000,0.000000),(3,330,'2032-06-29',15.000000,0.000000),(3,331,'2032-07-14',15.000000,0.000000),(3,332,'2032-07-29',15.000000,0.000000),(3,333,'2032-08-13',15.000000,0.000000),(3,334,'2032-08-28',15.000000,0.000000),(3,335,'2032-09-12',15.000000,0.000000),(3,336,'2032-09-27',15.000000,0.000000),(3,337,'2032-10-12',15.000000,0.000000),(3,338,'2032-10-27',15.000000,0.000000),(3,339,'2032-11-11',15.000000,0.000000),(3,340,'2032-11-26',15.000000,0.000000),(3,341,'2032-12-11',15.000000,0.000000),(3,342,'2032-12-26',15.000000,0.000000),(3,343,'2033-01-10',15.000000,0.000000),(3,344,'2033-01-25',15.000000,0.000000),(3,345,'2033-02-09',15.000000,0.000000),(3,346,'2033-02-24',15.000000,0.000000),(3,347,'2033-03-11',15.000000,0.000000),(3,348,'2033-03-26',15.000000,0.000000),(3,349,'2033-04-10',15.000000,0.000000),(3,350,'2033-04-25',15.000000,0.000000),(3,351,'2033-05-10',15.000000,0.000000),(3,352,'2033-05-25',15.000000,0.000000),(3,353,'2033-06-09',15.000000,0.000000),(3,354,'2033-06-24',15.000000,0.000000),(3,355,'2033-07-09',15.000000,0.000000),(3,356,'2033-07-24',15.000000,0.000000),(3,357,'2033-08-08',15.000000,0.000000),(3,358,'2033-08-23',15.000000,0.000000),(3,359,'2033-09-07',15.000000,0.000000),(3,360,'2033-09-22',15.000000,0.000000),(3,361,'2033-10-07',15.000000,0.000000),(3,362,'2033-10-22',15.000000,0.000000),(3,363,'2033-11-06',15.000000,0.000000),(3,364,'2033-11-21',15.000000,0.000000),(3,365,'2033-12-06',15.000000,0.000000),(3,366,'2033-12-21',15.000000,0.000000),(3,367,'2034-01-05',15.000000,0.000000),(3,368,'2034-01-20',15.000000,0.000000),(3,369,'2034-02-04',15.000000,0.000000),(3,370,'2034-02-19',15.000000,0.000000),(3,371,'2034-03-06',15.000000,0.000000),(3,372,'2034-03-21',15.000000,0.000000),(3,373,'2034-04-05',15.000000,0.000000),(3,374,'2034-04-20',15.000000,0.000000),(3,375,'2034-05-05',15.000000,0.000000),(3,376,'2034-05-20',15.000000,0.000000),(3,377,'2034-06-04',15.000000,0.000000),(3,378,'2034-06-19',15.000000,0.000000),(3,379,'2034-07-04',15.000000,0.000000),(3,380,'2034-07-19',15.000000,0.000000),(3,381,'2034-08-03',15.000000,0.000000),(3,382,'2034-08-18',15.000000,0.000000),(3,383,'2034-09-02',15.000000,0.000000),(3,384,'2034-09-17',15.000000,0.000000),(3,385,'2034-10-02',15.000000,0.000000),(3,386,'2034-10-17',15.000000,0.000000),(3,387,'2034-11-01',15.000000,0.000000),(3,388,'2034-11-16',15.000000,0.000000),(3,389,'2034-12-01',15.000000,0.000000),(3,390,'2034-12-16',15.000000,0.000000),(3,391,'2034-12-31',15.000000,0.000000),(3,392,'2035-01-15',15.000000,0.000000),(3,393,'2035-01-30',15.000000,0.000000),(3,394,'2035-02-14',15.000000,0.000000),(3,395,'2035-03-01',15.000000,0.000000),(3,396,'2035-03-16',15.000000,0.000000),(3,397,'2035-03-31',15.000000,0.000000),(3,398,'2035-04-15',15.000000,0.000000),(3,399,'2035-04-30',15.000000,0.000000),(3,400,'2035-05-15',15.000000,0.000000),(3,401,'2035-05-30',15.000000,0.000000),(3,402,'2035-06-14',15.000000,0.000000),(3,403,'2035-06-29',15.000000,0.000000),(3,404,'2035-07-14',15.000000,0.000000),(3,405,'2035-07-29',15.000000,0.000000),(3,406,'2035-08-13',15.000000,0.000000),(3,407,'2035-08-28',15.000000,0.000000),(3,408,'2035-09-12',15.000000,0.000000),(3,409,'2035-09-27',15.000000,0.000000),(3,410,'2035-10-12',15.000000,0.000000),(3,411,'2035-10-27',15.000000,0.000000),(3,412,'2035-11-11',15.000000,0.000000),(3,413,'2035-11-26',15.000000,0.000000),(3,414,'2035-12-11',15.000000,0.000000),(3,415,'2035-12-26',15.000000,0.000000),(3,416,'2036-01-10',15.000000,0.000000),(3,417,'2036-01-25',15.000000,0.000000),(3,418,'2036-02-09',15.000000,0.000000),(3,419,'2036-02-24',15.000000,0.000000),(3,420,'2036-03-10',15.000000,0.000000),(3,421,'2036-03-25',15.000000,0.000000),(3,422,'2036-04-09',15.000000,0.000000),(3,423,'2036-04-24',15.000000,0.000000),(3,424,'2036-05-09',15.000000,0.000000),(3,425,'2036-05-24',15.000000,0.000000),(3,426,'2036-06-08',15.000000,0.000000),(3,427,'2036-06-23',15.000000,0.000000),(3,428,'2036-07-08',15.000000,0.000000),(3,429,'2036-07-23',15.000000,0.000000),(3,430,'2036-08-07',15.000000,0.000000),(3,431,'2036-08-22',15.000000,0.000000),(3,432,'2036-09-06',15.000000,0.000000),(3,433,'2036-09-21',15.000000,0.000000),(3,434,'2036-10-06',15.000000,0.000000),(3,435,'2036-10-21',15.000000,0.000000),(3,436,'2036-11-05',15.000000,0.000000),(3,437,'2036-11-20',15.000000,0.000000),(3,438,'2036-12-05',15.000000,0.000000),(3,439,'2036-12-20',15.000000,0.000000),(3,440,'2037-01-04',15.000000,0.000000),(3,441,'2037-01-19',15.000000,0.000000),(3,442,'2037-02-03',15.000000,0.000000),(3,443,'2037-02-18',15.000000,0.000000),(3,444,'2037-03-05',15.000000,0.000000),(3,445,'2037-03-20',15.000000,0.000000),(3,446,'2037-04-04',15.000000,0.000000),(3,447,'2037-04-19',15.000000,0.000000),(3,448,'2037-05-04',15.000000,0.000000),(3,449,'2037-05-19',15.000000,0.000000),(3,450,'2037-06-03',15.000000,0.000000),(3,451,'2037-06-18',15.000000,0.000000),(3,452,'2037-07-03',15.000000,0.000000),(3,453,'2037-07-18',15.000000,0.000000),(3,454,'2037-08-02',15.000000,0.000000),(3,455,'2037-08-17',15.000000,0.000000),(3,456,'2037-09-01',15.000000,0.000000),(3,457,'2037-09-16',15.000000,0.000000),(3,458,'2037-10-01',15.000000,0.000000),(3,459,'2037-10-16',15.000000,0.000000),(3,460,'2037-10-31',15.000000,0.000000),(3,461,'2037-11-15',15.000000,0.000000),(3,462,'2037-11-30',15.000000,0.000000),(3,463,'2037-12-15',15.000000,0.000000),(3,464,'2037-12-30',15.000000,0.000000),(3,465,'2038-01-14',15.000000,0.000000),(3,466,'2038-01-29',15.000000,0.000000),(3,467,'2038-02-13',15.000000,0.000000),(3,468,'2038-02-28',15.000000,0.000000),(3,469,'2038-03-15',15.000000,0.000000),(3,470,'2038-03-30',15.000000,0.000000),(3,471,'2038-04-14',15.000000,0.000000),(3,472,'2038-04-29',15.000000,0.000000),(3,473,'2038-05-14',15.000000,0.000000),(3,474,'2038-05-29',15.000000,0.000000),(3,475,'2038-06-13',15.000000,0.000000),(3,476,'2038-06-28',15.000000,0.000000),(3,477,'2038-07-13',15.000000,0.000000),(3,478,'2038-07-28',15.000000,0.000000),(3,479,'2038-08-12',15.000000,0.000000),(3,480,'2038-08-27',15.000000,0.000000),(3,481,'2038-09-11',15.000000,0.000000),(3,482,'2038-09-26',15.000000,0.000000),(3,483,'2038-10-11',15.000000,0.000000),(3,484,'2038-10-26',15.000000,0.000000),(3,485,'2038-11-10',15.000000,0.000000),(3,486,'2038-11-25',15.000000,0.000000),(3,487,'2038-12-10',15.000000,0.000000),(3,488,'2038-12-25',15.000000,0.000000),(3,489,'2039-01-09',15.000000,0.000000),(3,490,'2039-01-24',15.000000,0.000000),(3,491,'2039-02-08',15.000000,0.000000),(3,492,'2039-02-23',15.000000,0.000000),(3,493,'2039-03-10',15.000000,0.000000),(3,494,'2039-03-25',15.000000,0.000000),(3,495,'2039-04-09',15.000000,0.000000),(3,496,'2039-04-24',15.000000,0.000000),(3,497,'2039-05-09',15.000000,0.000000),(3,498,'2039-05-24',15.000000,0.000000),(3,499,'2039-06-08',15.000000,0.000000),(3,500,'2039-06-23',15.000000,0.000000),(3,501,'2039-07-08',15.000000,0.000000),(3,502,'2039-07-23',15.000000,0.000000),(3,503,'2039-08-07',15.000000,0.000000),(3,504,'2039-08-22',15.000000,0.000000),(3,505,'2039-09-06',15.000000,0.000000),(3,506,'2039-09-21',15.000000,0.000000),(3,507,'2039-10-06',15.000000,0.000000),(3,508,'2039-10-21',15.000000,0.000000),(3,509,'2039-11-05',15.000000,0.000000),(3,510,'2039-11-20',15.000000,0.000000),(3,511,'2039-12-05',15.000000,0.000000),(3,512,'2039-12-20',15.000000,0.000000),(3,513,'2040-01-04',15.000000,0.000000),(3,514,'2040-01-19',15.000000,0.000000),(3,515,'2040-02-03',15.000000,0.000000),(3,516,'2040-02-18',15.000000,0.000000),(3,517,'2040-03-04',15.000000,0.000000),(3,518,'2040-03-19',15.000000,0.000000),(3,519,'2040-04-03',15.000000,0.000000),(3,520,'2040-04-18',15.000000,0.000000),(3,521,'2040-05-03',15.000000,0.000000),(3,522,'2040-05-18',15.000000,0.000000),(3,523,'2040-06-02',15.000000,0.000000),(3,524,'2040-06-17',15.000000,0.000000),(3,525,'2040-07-02',15.000000,0.000000),(3,526,'2040-07-17',15.000000,0.000000),(3,527,'2040-08-01',15.000000,0.000000),(3,528,'2040-08-16',15.000000,0.000000),(3,529,'2040-08-31',15.000000,0.000000),(3,530,'2040-09-15',15.000000,0.000000),(3,531,'2040-09-30',15.000000,0.000000),(3,532,'2040-10-15',15.000000,0.000000),(3,533,'2040-10-30',15.000000,0.000000),(3,534,'2040-11-14',15.000000,0.000000),(3,535,'2040-11-29',15.000000,0.000000),(3,536,'2040-12-14',15.000000,0.000000),(3,537,'2040-12-29',15.000000,0.000000),(3,538,'2041-01-13',15.000000,0.000000),(3,539,'2041-01-28',15.000000,0.000000),(3,540,'2041-02-12',15.000000,0.000000),(3,541,'2041-02-27',15.000000,0.000000),(3,542,'2041-03-14',15.000000,0.000000),(3,543,'2041-03-29',15.000000,0.000000),(3,544,'2041-04-13',15.000000,0.000000),(3,545,'2041-04-28',15.000000,0.000000),(3,546,'2041-05-13',15.000000,0.000000),(3,547,'2041-05-28',15.000000,0.000000),(3,548,'2041-06-12',15.000000,0.000000),(3,549,'2041-06-27',15.000000,0.000000),(3,550,'2041-07-12',15.000000,0.000000),(3,551,'2041-07-27',15.000000,0.000000),(3,552,'2041-08-11',15.000000,0.000000),(3,553,'2041-08-26',15.000000,0.000000),(3,554,'2041-09-10',15.000000,0.000000),(3,555,'2041-09-25',15.000000,0.000000),(3,556,'2041-10-10',15.000000,0.000000),(3,557,'2041-10-25',15.000000,0.000000),(3,558,'2041-11-09',15.000000,0.000000),(3,559,'2041-11-24',15.000000,0.000000),(3,560,'2041-12-09',15.000000,0.000000),(3,561,'2041-12-24',15.000000,0.000000),(3,562,'2042-01-08',15.000000,0.000000),(3,563,'2042-01-23',15.000000,0.000000),(3,564,'2042-02-07',15.000000,0.000000),(3,565,'2042-02-22',15.000000,0.000000),(3,566,'2042-03-09',15.000000,0.000000),(3,567,'2042-03-24',15.000000,0.000000),(3,568,'2042-04-08',15.000000,0.000000),(3,569,'2042-04-23',15.000000,0.000000),(3,570,'2042-05-08',15.000000,0.000000),(3,571,'2042-05-23',15.000000,0.000000),(3,572,'2042-06-07',15.000000,0.000000),(3,573,'2042-06-22',15.000000,0.000000),(3,574,'2042-07-07',15.000000,0.000000),(3,575,'2042-07-22',15.000000,0.000000),(3,576,'2042-08-06',15.000000,0.000000),(3,577,'2042-08-21',15.000000,0.000000),(3,578,'2042-09-05',15.000000,0.000000),(3,579,'2042-09-20',15.000000,0.000000),(3,580,'2042-10-05',15.000000,0.000000),(3,581,'2042-10-20',15.000000,0.000000),(3,582,'2042-11-04',15.000000,0.000000),(3,583,'2042-11-19',15.000000,0.000000),(3,584,'2042-12-04',15.000000,0.000000),(3,585,'2042-12-19',15.000000,0.000000),(3,586,'2043-01-03',15.000000,0.000000),(3,587,'2043-01-18',15.000000,0.000000),(3,588,'2043-02-02',15.000000,0.000000),(3,589,'2043-02-17',15.000000,0.000000),(3,590,'2043-03-04',15.000000,0.000000),(3,591,'2043-03-19',15.000000,0.000000),(3,592,'2043-04-03',15.000000,0.000000),(3,593,'2043-04-18',15.000000,0.000000),(3,594,'2043-05-03',15.000000,0.000000),(3,595,'2043-05-18',15.000000,0.000000),(3,596,'2043-06-02',15.000000,0.000000),(3,597,'2043-06-17',15.000000,0.000000),(3,598,'2043-07-02',15.000000,0.000000),(3,599,'2043-07-17',15.000000,0.000000),(3,600,'2043-08-01',15.000000,0.000000),(3,601,'2043-08-16',15.000000,0.000000),(3,602,'2043-08-31',15.000000,0.000000),(3,603,'2043-09-15',15.000000,0.000000),(3,604,'2043-09-30',15.000000,0.000000),(3,605,'2043-10-15',15.000000,0.000000),(3,606,'2043-10-30',15.000000,0.000000),(3,607,'2043-11-14',15.000000,0.000000),(3,608,'2043-11-29',15.000000,0.000000),(3,609,'2043-12-14',15.000000,0.000000),(3,610,'2043-12-29',15.000000,0.000000),(3,611,'2044-01-13',15.000000,0.000000),(3,612,'2044-01-28',15.000000,0.000000),(3,613,'2044-02-12',15.000000,0.000000),(3,614,'2044-02-27',15.000000,0.000000),(3,615,'2044-03-13',15.000000,0.000000),(3,616,'2044-03-28',15.000000,0.000000),(3,617,'2044-04-12',15.000000,0.000000),(3,618,'2044-04-27',15.000000,0.000000),(3,619,'2044-05-12',15.000000,0.000000),(3,620,'2044-05-27',15.000000,0.000000),(3,621,'2044-06-11',15.000000,0.000000),(3,622,'2044-06-26',15.000000,0.000000),(3,623,'2044-07-11',15.000000,0.000000),(3,624,'2044-07-26',15.000000,0.000000),(3,625,'2044-08-10',15.000000,0.000000),(3,626,'2044-08-25',15.000000,0.000000),(3,627,'2044-09-09',10.000000,0.000000),(4,1,'2018-12-25',705.000000,705.000000),(4,2,'2019-01-09',705.000000,295.000000),(4,3,'2019-01-24',705.000000,0.000000),(4,4,'2019-02-08',705.000000,0.000000),(4,5,'2019-02-23',705.000000,0.000000),(4,6,'2019-03-10',705.000000,0.000000),(4,7,'2019-03-25',705.000000,0.000000),(4,8,'2019-04-09',705.000000,0.000000),(4,9,'2019-04-24',705.000000,0.000000),(4,10,'2019-05-09',705.000000,0.000000),(4,11,'2019-05-24',705.000000,0.000000),(4,12,'2019-06-08',705.000000,0.000000),(4,13,'2019-06-23',705.000000,0.000000),(4,14,'2019-07-08',705.000000,0.000000),(4,15,'2019-07-23',705.000000,0.000000),(4,16,'2019-08-07',705.000000,0.000000),(4,17,'2019-08-22',705.000000,0.000000),(4,18,'2019-09-06',705.000000,0.000000),(4,19,'2019-09-21',705.000000,0.000000),(4,20,'2019-10-06',705.000000,0.000000);
/*!40000 ALTER TABLE `venta_abonosGenerados` ENABLE KEYS */;
UNLOCK TABLES;

--
-- Table structure for table `venta_abonosRealizados`
--

DROP TABLE IF EXISTS `venta_abonosRealizados`;
/*!40101 SET @saved_cs_client     = @@character_set_client */;
/*!40101 SET character_set_client = utf8 */;
CREATE TABLE `venta_abonosRealizados` (
  `id` int(11) NOT NULL AUTO_INCREMENT,
  `idVenta` int(11) NOT NULL,
  `cantidad` double(12,2) NOT NULL,
  `fecha` datetime NOT NULL,
  PRIMARY KEY (`id`),
  KEY `venta_abonos_ventas_id_fk` (`idVenta`),
  CONSTRAINT `venta_abonos_ventas_id_fk` FOREIGN KEY (`idVenta`) REFERENCES `ventas` (`id`)
) ENGINE=InnoDB AUTO_INCREMENT=3 DEFAULT CHARSET=latin1;
/*!40101 SET character_set_client = @saved_cs_client */;

--
-- Dumping data for table `venta_abonosRealizados`
--

LOCK TABLES `venta_abonosRealizados` WRITE;
/*!40000 ALTER TABLE `venta_abonosRealizados` DISABLE KEYS */;
INSERT INTO `venta_abonosRealizados` VALUES (1,3,1000.00,'2018-11-24 14:14:24'),(2,4,1000.00,'2018-11-24 14:42:54');
/*!40000 ALTER TABLE `venta_abonosRealizados` ENABLE KEYS */;
UNLOCK TABLES;

--
-- Table structure for table `venta_productos`
--

DROP TABLE IF EXISTS `venta_productos`;
/*!40101 SET @saved_cs_client     = @@character_set_client */;
/*!40101 SET character_set_client = utf8 */;
CREATE TABLE `venta_productos` (
  `idVenta` int(11) NOT NULL,
  `idProducto` int(11) NOT NULL,
  `nombre` varchar(50) NOT NULL,
  `imagen` varchar(36) NOT NULL,
  `precio` double(12,2) NOT NULL,
  `cantidad` double NOT NULL,
  PRIMARY KEY (`idVenta`,`idProducto`),
  KEY `venta_productos_ventas_id_fk` (`idVenta`),
  KEY `venta_productos_productos_id_fk` (`idProducto`),
  CONSTRAINT `venta_productos_productos_id_fk` FOREIGN KEY (`idProducto`) REFERENCES `productos` (`id`),
  CONSTRAINT `venta_productos_ventas_id_fk` FOREIGN KEY (`idVenta`) REFERENCES `ventas` (`id`)
) ENGINE=InnoDB DEFAULT CHARSET=latin1;
/*!40101 SET character_set_client = @saved_cs_client */;

--
-- Dumping data for table `venta_productos`
--

LOCK TABLES `venta_productos` WRITE;
/*!40000 ALTER TABLE `venta_productos` DISABLE KEYS */;
INSERT INTO `venta_productos` VALUES (2,3,'Xiaomi Redmi Note 5','00000000-0000-0000-0000-000000000000',4700.00,2),(3,3,'Xiaomi Redmi Note 5','00000000-0000-0000-0000-000000000000',4700.00,2),(4,3,'Xiaomi Redmi Note 5','00000000-0000-0000-0000-000000000000',4700.00,3);
/*!40000 ALTER TABLE `venta_productos` ENABLE KEYS */;
UNLOCK TABLES;

--
-- Table structure for table `ventas`
--

DROP TABLE IF EXISTS `ventas`;
/*!40101 SET @saved_cs_client     = @@character_set_client */;
/*!40101 SET character_set_client = utf8 */;
CREATE TABLE `ventas` (
  `id` int(11) NOT NULL AUTO_INCREMENT,
  `idUsuario` int(11) NOT NULL,
  `idCliente` int(11) NOT NULL,
  `tipoPago` enum('Credito','Contado') NOT NULL,
  `tipoAcuerdo` enum('Parcialidades','Dinero') NOT NULL DEFAULT 'Parcialidades',
  `cantidadAcuerdo` double(12,2) NOT NULL,
  `intervaloPago` tinyint(2) NOT NULL,
  `fechaPrimerPago` datetime NOT NULL,
  `createdAt` datetime NOT NULL DEFAULT CURRENT_TIMESTAMP,
  `updatedAt` datetime NOT NULL DEFAULT CURRENT_TIMESTAMP,
  `deletedAt` datetime DEFAULT NULL,
  PRIMARY KEY (`id`),
  KEY `ventas_idUsuario_index` (`idUsuario`),
  KEY `ventas_clientes_id_fk` (`idCliente`),
  CONSTRAINT `ventas_clientes_id_fk` FOREIGN KEY (`idCliente`) REFERENCES `clientes` (`id`),
  CONSTRAINT `ventas_usuarios_id_fk` FOREIGN KEY (`idUsuario`) REFERENCES `usuarios` (`id`)
) ENGINE=InnoDB AUTO_INCREMENT=5 DEFAULT CHARSET=latin1;
/*!40101 SET character_set_client = @saved_cs_client */;

--
-- Dumping data for table `ventas`
--

LOCK TABLES `ventas` WRITE;
/*!40000 ALTER TABLE `ventas` DISABLE KEYS */;
INSERT INTO `ventas` VALUES (2,61,4,'Credito','Parcialidades',15.00,15,'2018-12-25 00:00:00','2018-11-24 13:43:37','2018-11-24 13:43:37',NULL),(3,61,4,'Credito','Parcialidades',15.00,15,'2018-12-25 00:00:00','2018-11-24 13:46:17','2018-11-24 13:46:17',NULL),(4,61,4,'Credito','Parcialidades',20.00,15,'2018-12-25 00:00:00','2018-11-24 14:41:37','2018-11-24 14:41:37',NULL);
/*!40000 ALTER TABLE `ventas` ENABLE KEYS */;
UNLOCK TABLES;

--
-- Temporary table structure for view `view_ventas`
--

DROP TABLE IF EXISTS `view_ventas`;
/*!50001 DROP VIEW IF EXISTS `view_ventas`*/;
SET @saved_cs_client     = @@character_set_client;
SET character_set_client = utf8;
/*!50001 CREATE VIEW `view_ventas` AS SELECT 
 1 AS `id`,
 1 AS `idUsuario`,
 1 AS `idCliente`,
 1 AS `tipoPago`,
 1 AS `tipoAcuerdo`,
 1 AS `cantidadAcuerdo`,
 1 AS `intervaloPago`,
 1 AS `fechaPrimerPago`,
 1 AS `createdAt`,
 1 AS `updatedAt`,
 1 AS `deletedAt`,
 1 AS `cantidadProductos`,
 1 AS `total`,
 1 AS `abonado`,
 1 AS `deuda`,
 1 AS `status`,
 1 AS `fechaSiguientePago`,
 1 AS `cantidadSiguientePago`*/;
SET character_set_client = @saved_cs_client;

--
-- Final view structure for view `view_ventas`
--

/*!50001 DROP VIEW IF EXISTS `view_ventas`*/;
/*!50001 SET @saved_cs_client          = @@character_set_client */;
/*!50001 SET @saved_cs_results         = @@character_set_results */;
/*!50001 SET @saved_col_connection     = @@collation_connection */;
/*!50001 SET character_set_client      = utf8 */;
/*!50001 SET character_set_results     = utf8 */;
/*!50001 SET collation_connection      = utf8_general_ci */;
/*!50001 CREATE ALGORITHM=UNDEFINED */
/*!50013 DEFINER=`root`@`localhost` SQL SECURITY DEFINER */
/*!50001 VIEW `view_ventas` AS select `v`.`id` AS `id`,`v`.`idUsuario` AS `idUsuario`,`v`.`idCliente` AS `idCliente`,`v`.`tipoPago` AS `tipoPago`,`v`.`tipoAcuerdo` AS `tipoAcuerdo`,`v`.`cantidadAcuerdo` AS `cantidadAcuerdo`,`v`.`intervaloPago` AS `intervaloPago`,`v`.`fechaPrimerPago` AS `fechaPrimerPago`,`v`.`createdAt` AS `createdAt`,`v`.`updatedAt` AS `updatedAt`,`v`.`deletedAt` AS `deletedAt`,count(0) AS `cantidadProductos`,sum((`vp`.`cantidad` * `vp`.`precio`)) AS `total`,`vag`.`abonado` AS `abonado`,`vag`.`deuda` AS `deuda`,(case when (`vag`.`abonado` = 0) then 'Sin Pago' when ((`vag`.`deuda` - `vag`.`abonado`) > 0) then 'Abonado' when (`vag`.`deuda` = 0) then 'Pagado' else 'Desconocido' end) AS `status`,`sig`.`fechaSiguientePago` AS `fechaSiguientePago`,`sig`.`cantidadSiguientePago` AS `cantidadSiguientePago` from (((`ventasCatalogo`.`ventas` `v` join `ventasCatalogo`.`venta_productos` `vp` on((`v`.`id` = `vp`.`idVenta`))) join (select `ventasCatalogo`.`venta_abonosGenerados`.`idVenta` AS `idVenta`,sum(`ventasCatalogo`.`venta_abonosGenerados`.`pagado`) AS `abonado`,sum((`ventasCatalogo`.`venta_abonosGenerados`.`cantidadAPagar` - `ventasCatalogo`.`venta_abonosGenerados`.`pagado`)) AS `deuda` from `ventasCatalogo`.`venta_abonosGenerados` group by `ventasCatalogo`.`venta_abonosGenerados`.`idVenta`) `vag` on((`v`.`id` = `vag`.`idVenta`))) left join (select `ventasCatalogo`.`venta_abonosGenerados`.`idVenta` AS `idVenta`,min(`ventasCatalogo`.`venta_abonosGenerados`.`consecutivo`) AS `MIN(consecutivo)`,`ventasCatalogo`.`venta_abonosGenerados`.`fechaAPagar` AS `fechaSiguientePago`,(`ventasCatalogo`.`venta_abonosGenerados`.`cantidadAPagar` - `ventasCatalogo`.`venta_abonosGenerados`.`pagado`) AS `cantidadSiguientePago` from `ventasCatalogo`.`venta_abonosGenerados` where ((`ventasCatalogo`.`venta_abonosGenerados`.`cantidadAPagar` - `ventasCatalogo`.`venta_abonosGenerados`.`pagado`) > 0) group by `ventasCatalogo`.`venta_abonosGenerados`.`idVenta`) `sig` on((`v`.`id` = `sig`.`idVenta`))) group by `v`.`id` */;
/*!50001 SET character_set_client      = @saved_cs_client */;
/*!50001 SET character_set_results     = @saved_cs_results */;
/*!50001 SET collation_connection      = @saved_col_connection */;
/*!40103 SET TIME_ZONE=@OLD_TIME_ZONE */;

/*!40101 SET SQL_MODE=@OLD_SQL_MODE */;
/*!40014 SET FOREIGN_KEY_CHECKS=@OLD_FOREIGN_KEY_CHECKS */;
/*!40014 SET UNIQUE_CHECKS=@OLD_UNIQUE_CHECKS */;
/*!40101 SET CHARACTER_SET_CLIENT=@OLD_CHARACTER_SET_CLIENT */;
/*!40101 SET CHARACTER_SET_RESULTS=@OLD_CHARACTER_SET_RESULTS */;
/*!40101 SET COLLATION_CONNECTION=@OLD_COLLATION_CONNECTION */;
/*!40111 SET SQL_NOTES=@OLD_SQL_NOTES */;

-- Dump completed on 2018-11-25 15:42:10
